<Objs Version="1.1.0.1" xmlns="http://schemas.microsoft.com/powershell/2004/04">
  <Obj RefId="0">
    <TN RefId="0">
      <T>Microsoft.PowerShell.Commands.PSRepositoryItemInfo</T>
      <T>System.Management.Automation.PSCustomObject</T>
      <T>System.Object</T>
    </TN>
    <MS>
      <S N="Name">AWS.Tools.Lambda</S>
      <S N="Version">4.1.240</S>
      <S N="Type">Module</S>
      <S N="Description">The Lambda module of AWS Tools for PowerShell lets developers and administrators manage AWS Lambda from the PowerShell scripting environment. In order to manage each AWS service, install the corresponding module (e.g. AWS.Tools.EC2, AWS.Tools.S3...)._x000D__x000A_The module AWS.Tools.Installer (https://www.powershellgallery.com/packages/AWS.Tools.Installer/) makes it easier to install, update and uninstall the AWS.Tools modules._x000D__x000A_This version of AWS Tools for PowerShell is compatible with Windows PowerShell 5.1+ and PowerShell Core 6+ on Windows, Linux and macOS. When running on Windows PowerShell, .NET Framework 4.7.2 or newer is required. Alternative modules AWSPowerShell.NetCore and AWSPowerShell, provide support for all AWS services from a single module and also support older versions of Windows PowerShell and .NET Framework.</S>
      <S N="Author">Amazon.com Inc</S>
      <S N="CompanyName">aws-dotnet-sdk-team</S>
      <S N="Copyright">Copyright 2012-2022 Amazon.com, Inc. or its affiliates. All Rights Reserved.</S>
      <DT N="PublishedDate">2022-12-29T23:31:42-06:00</DT>
      <Nil N="InstalledDate" />
      <Nil N="UpdatedDate" />
      <URI N="LicenseUri">https://aws.amazon.com/apache-2-0/</URI>
      <URI N="ProjectUri">https://github.com/aws/aws-tools-for-powershell</URI>
      <URI N="IconUri">https://sdk-for-net.amazonwebservices.com/images/AWSLogo128x128.png</URI>
      <Obj N="Tags" RefId="1">
        <TN RefId="1">
          <T>System.Object[]</T>
          <T>System.Array</T>
          <T>System.Object</T>
        </TN>
        <LST>
          <S>AWS</S>
          <S>cloud</S>
          <S>Windows</S>
          <S>PSEdition_Desktop</S>
          <S>PSEdition_Core</S>
          <S>Linux</S>
          <S>MacOS</S>
          <S>Mac</S>
          <S>PSModule</S>
        </LST>
      </Obj>
      <Obj N="Includes" RefId="2">
        <TN RefId="2">
          <T>System.Collections.Hashtable</T>
          <T>System.Object</T>
        </TN>
        <DCT>
          <En>
            <S N="Key">Workflow</S>
            <Obj N="Value" RefId="3">
              <TNRef RefId="1" />
              <LST />
            </Obj>
          </En>
          <En>
            <S N="Key">Function</S>
            <Ref N="Value" RefId="3" />
          </En>
          <En>
            <S N="Key">Cmdlet</S>
            <Obj N="Value" RefId="4">
              <TNRef RefId="1" />
              <LST>
                <S>Add-LMLayerVersionPermission</S>
                <S>Add-LMPermission</S>
                <S>Add-LMResourceTag</S>
                <S>Get-LMAccountSetting</S>
                <S>Get-LMAlias</S>
                <S>Get-LMAliasList</S>
                <S>Get-LMCodeSigningConfig</S>
                <S>Get-LMCodeSigningConfigList</S>
                <S>Get-LMEventSourceMapping</S>
                <S>Get-LMEventSourceMappingList</S>
                <S>Get-LMFunction</S>
                <S>Get-LMFunctionCodeSigningConfig</S>
                <S>Get-LMFunctionConcurrency</S>
                <S>Get-LMFunctionConfiguration</S>
                <S>Get-LMFunctionEventInvokeConfig</S>
                <S>Get-LMFunctionEventInvokeConfigList</S>
                <S>Get-LMFunctionList</S>
                <S>Get-LMFunctionsByCodeSigningConfigList</S>
                <S>Get-LMFunctionUrlConfig</S>
                <S>Get-LMFunctionUrlConfigList</S>
                <S>Get-LMLayerList</S>
                <S>Get-LMLayerVersion</S>
                <S>Get-LMLayerVersionByArn</S>
                <S>Get-LMLayerVersionList</S>
                <S>Get-LMLayerVersionPolicy</S>
                <S>Get-LMPolicy</S>
                <S>Get-LMProvisionedConcurrencyConfig</S>
                <S>Get-LMProvisionedConcurrencyConfigList</S>
                <S>Get-LMResourceTag</S>
                <S>Get-LMVersionsByFunction</S>
                <S>Invoke-LMFunction</S>
                <S>Invoke-LMFunctionAsync</S>
                <S>New-LMAlias</S>
                <S>New-LMCodeSigningConfig</S>
                <S>New-LMEventSourceMapping</S>
                <S>New-LMFunctionUrlConfig</S>
                <S>Publish-LMFunction</S>
                <S>Publish-LMLayerVersion</S>
                <S>Publish-LMVersion</S>
                <S>Remove-LMAlias</S>
                <S>Remove-LMCodeSigningConfig</S>
                <S>Remove-LMEventSourceMapping</S>
                <S>Remove-LMFunction</S>
                <S>Remove-LMFunctionCodeSigningConfig</S>
                <S>Remove-LMFunctionConcurrency</S>
                <S>Remove-LMFunctionEventInvokeConfig</S>
                <S>Remove-LMFunctionUrlConfig</S>
                <S>Remove-LMLayerVersion</S>
                <S>Remove-LMLayerVersionPermission</S>
                <S>Remove-LMPermission</S>
                <S>Remove-LMProvisionedConcurrencyConfig</S>
                <S>Remove-LMResourceTag</S>
                <S>Update-LMAlias</S>
                <S>Update-LMCodeSigningConfig</S>
                <S>Update-LMEventSourceMapping</S>
                <S>Update-LMFunctionCode</S>
                <S>Update-LMFunctionConfiguration</S>
                <S>Update-LMFunctionEventInvokeConfig</S>
                <S>Update-LMFunctionUrlConfig</S>
                <S>Write-LMFunctionCodeSigningConfig</S>
                <S>Write-LMFunctionConcurrency</S>
                <S>Write-LMFunctionEventInvokeConfig</S>
                <S>Write-LMProvisionedConcurrencyConfig</S>
              </LST>
            </Obj>
          </En>
          <En>
            <S N="Key">Command</S>
            <Obj N="Value" RefId="5">
              <TNRef RefId="1" />
              <LST>
                <S>Add-LMLayerVersionPermission</S>
                <S>Add-LMPermission</S>
                <S>Add-LMResourceTag</S>
                <S>Get-LMAccountSetting</S>
                <S>Get-LMAlias</S>
                <S>Get-LMAliasList</S>
                <S>Get-LMCodeSigningConfig</S>
                <S>Get-LMCodeSigningConfigList</S>
                <S>Get-LMEventSourceMapping</S>
                <S>Get-LMEventSourceMappingList</S>
                <S>Get-LMFunction</S>
                <S>Get-LMFunctionCodeSigningConfig</S>
                <S>Get-LMFunctionConcurrency</S>
                <S>Get-LMFunctionConfiguration</S>
                <S>Get-LMFunctionEventInvokeConfig</S>
                <S>Get-LMFunctionEventInvokeConfigList</S>
                <S>Get-LMFunctionList</S>
                <S>Get-LMFunctionsByCodeSigningConfigList</S>
                <S>Get-LMFunctionUrlConfig</S>
                <S>Get-LMFunctionUrlConfigList</S>
                <S>Get-LMLayerList</S>
                <S>Get-LMLayerVersion</S>
                <S>Get-LMLayerVersionByArn</S>
                <S>Get-LMLayerVersionList</S>
                <S>Get-LMLayerVersionPolicy</S>
                <S>Get-LMPolicy</S>
                <S>Get-LMProvisionedConcurrencyConfig</S>
                <S>Get-LMProvisionedConcurrencyConfigList</S>
                <S>Get-LMResourceTag</S>
                <S>Get-LMVersionsByFunction</S>
                <S>Invoke-LMFunction</S>
                <S>Invoke-LMFunctionAsync</S>
                <S>New-LMAlias</S>
                <S>New-LMCodeSigningConfig</S>
                <S>New-LMEventSourceMapping</S>
                <S>New-LMFunctionUrlConfig</S>
                <S>Publish-LMFunction</S>
                <S>Publish-LMLayerVersion</S>
                <S>Publish-LMVersion</S>
                <S>Remove-LMAlias</S>
                <S>Remove-LMCodeSigningConfig</S>
                <S>Remove-LMEventSourceMapping</S>
                <S>Remove-LMFunction</S>
                <S>Remove-LMFunctionCodeSigningConfig</S>
                <S>Remove-LMFunctionConcurrency</S>
                <S>Remove-LMFunctionEventInvokeConfig</S>
                <S>Remove-LMFunctionUrlConfig</S>
                <S>Remove-LMLayerVersion</S>
                <S>Remove-LMLayerVersionPermission</S>
                <S>Remove-LMPermission</S>
                <S>Remove-LMProvisionedConcurrencyConfig</S>
                <S>Remove-LMResourceTag</S>
                <S>Update-LMAlias</S>
                <S>Update-LMCodeSigningConfig</S>
                <S>Update-LMEventSourceMapping</S>
                <S>Update-LMFunctionCode</S>
                <S>Update-LMFunctionConfiguration</S>
                <S>Update-LMFunctionEventInvokeConfig</S>
                <S>Update-LMFunctionUrlConfig</S>
                <S>Write-LMFunctionCodeSigningConfig</S>
                <S>Write-LMFunctionConcurrency</S>
                <S>Write-LMFunctionEventInvokeConfig</S>
                <S>Write-LMProvisionedConcurrencyConfig</S>
              </LST>
            </Obj>
          </En>
          <En>
            <S N="Key">RoleCapability</S>
            <Ref N="Value" RefId="3" />
          </En>
          <En>
            <S N="Key">DscResource</S>
            <Ref N="Value" RefId="3" />
          </En>
        </DCT>
      </Obj>
      <Nil N="PowerShellGetFormatVersion" />
      <S N="ReleaseNotes">https://github.com/aws/aws-tools-for-powershell/blob/master/CHANGELOG.md</S>
      <Obj N="Dependencies" RefId="6">
        <TNRef RefId="1" />
        <LST>
          <Obj RefId="7">
            <TN RefId="3">
              <T>System.Collections.Specialized.OrderedDictionary</T>
              <T>System.Object</T>
            </TN>
            <DCT>
              <En>
                <S N="Key">Name</S>
                <S N="Value">AWS.Tools.Common</S>
              </En>
              <En>
                <S N="Key">RequiredVersion</S>
                <S N="Value">4.1.240</S>
              </En>
              <En>
                <S N="Key">CanonicalId</S>
                <S N="Value">nuget:AWS.Tools.Common/[4.1.240]</S>
              </En>
            </DCT>
          </Obj>
        </LST>
      </Obj>
      <S N="RepositorySourceLocation">https://www.powershellgallery.com/api/v2</S>
      <S N="Repository">PSGallery</S>
      <S N="PackageManagementProvider">NuGet</S>
      <Obj N="AdditionalMetadata" RefId="8">
        <TN RefId="4">
          <T>System.Management.Automation.PSCustomObject</T>
          <T>System.Object</T>
        </TN>
        <MS>
          <S N="copyright">Copyright 2012-2022 Amazon.com, Inc. or its affiliates. All Rights Reserved.</S>
          <S N="description">The Lambda module of AWS Tools for PowerShell lets developers and administrators manage AWS Lambda from the PowerShell scripting environment. In order to manage each AWS service, install the corresponding module (e.g. AWS.Tools.EC2, AWS.Tools.S3...)._x000D__x000A_The module AWS.Tools.Installer (https://www.powershellgallery.com/packages/AWS.Tools.Installer/) makes it easier to install, update and uninstall the AWS.Tools modules._x000D__x000A_This version of AWS Tools for PowerShell is compatible with Windows PowerShell 5.1+ and PowerShell Core 6+ on Windows, Linux and macOS. When running on Windows PowerShell, .NET Framework 4.7.2 or newer is required. Alternative modules AWSPowerShell.NetCore and AWSPowerShell, provide support for all AWS services from a single module and also support older versions of Windows PowerShell and .NET Framework.</S>
          <S N="requireLicenseAcceptance">False</S>
          <S N="releaseNotes">https://github.com/aws/aws-tools-for-powershell/blob/master/CHANGELOG.md</S>
          <S N="isLatestVersion">False</S>
          <S N="isAbsoluteLatestVersion">False</S>
          <S N="versionDownloadCount">65</S>
          <S N="downloadCount">103277</S>
          <S N="packageSize">358113</S>
          <S N="published">12/29/2022 11:31:42 PM -06:00</S>
          <S N="created">12/29/2022 11:31:42 PM -06:00</S>
          <S N="lastUpdated">2/1/2023 12:09:43 AM -06:00</S>
          <S N="tags">AWS cloud Windows PSEdition_Desktop PSEdition_Core Linux MacOS Mac PSModule PSCmdlet_Add-LMLayerVersionPermission PSCommand_Add-LMLayerVersionPermission PSCmdlet_Add-LMPermission PSCommand_Add-LMPermission PSCmdlet_Add-LMResourceTag PSCommand_Add-LMResourceTag PSCmdlet_Get-LMAccountSetting PSCommand_Get-LMAccountSetting PSCmdlet_Get-LMAlias PSCommand_Get-LMAlias PSCmdlet_Get-LMAliasList PSCommand_Get-LMAliasList PSCmdlet_Get-LMCodeSigningConfig PSCommand_Get-LMCodeSigningConfig PSCmdlet_Get-LMCodeSigningConfigList PSCommand_Get-LMCodeSigningConfigList PSCmdlet_Get-LMEventSourceMapping PSCommand_Get-LMEventSourceMapping PSCmdlet_Get-LMEventSourceMappingList PSCommand_Get-LMEventSourceMappingList PSCmdlet_Get-LMFunction PSCommand_Get-LMFunction PSCmdlet_Get-LMFunctionCodeSigningConfig PSCommand_Get-LMFunctionCodeSigningConfig PSCmdlet_Get-LMFunctionConcurrency PSCommand_Get-LMFunctionConcurrency PSCmdlet_Get-LMFunctionConfiguration PSCommand_Get-LMFunctionConfiguration PSCmdlet_Get-LMFunctionEventInvokeConfig PSCommand_Get-LMFunctionEventInvokeConfig PSCmdlet_Get-LMFunctionEventInvokeConfigList PSCommand_Get-LMFunctionEventInvokeConfigList PSCmdlet_Get-LMFunctionList PSCommand_Get-LMFunctionList PSCmdlet_Get-LMFunctionsByCodeSigningConfigList PSCommand_Get-LMFunctionsByCodeSigningConfigList PSCmdlet_Get-LMFunctionUrlConfig PSCommand_Get-LMFunctionUrlConfig PSCmdlet_Get-LMFunctionUrlConfigList PSCommand_Get-LMFunctionUrlConfigList PSCmdlet_Get-LMLayerList PSCommand_Get-LMLayerList PSCmdlet_Get-LMLayerVersion PSCommand_Get-LMLayerVersion PSCmdlet_Get-LMLayerVersionByArn PSCommand_Get-LMLayerVersionByArn PSCmdlet_Get-LMLayerVersionList PSCommand_Get-LMLayerVersionList PSCmdlet_Get-LMLayerVersionPolicy PSCommand_Get-LMLayerVersionPolicy PSCmdlet_Get-LMPolicy PSCommand_Get-LMPolicy PSCmdlet_Get-LMProvisionedConcurrencyConfig PSCommand_Get-LMProvisionedConcurrencyConfig PSCmdlet_Get-LMProvisionedConcurrencyConfigList PSCommand_Get-LMProvisionedConcurrencyConfigList PSCmdlet_Get-LMResourceTag PSCommand_Get-LMResourceTag PSCmdlet_Get-LMVersionsByFunction PSCommand_Get-LMVersionsByFunction PSCmdlet_Invoke-LMFunction PSCommand_Invoke-LMFunction PSCmdlet_Invoke-LMFunctionAsync PSCommand_Invoke-LMFunctionAsync PSCmdlet_New-LMAlias PSCommand_New-LMAlias PSCmdlet_New-LMCodeSigningConfig PSCommand_New-LMCodeSigningConfig PSCmdlet_New-LMEventSourceMapping PSCommand_New-LMEventSourceMapping PSCmdlet_New-LMFunctionUrlConfig PSCommand_New-LMFunctionUrlConfig PSCmdlet_Publish-LMFunction PSCommand_Publish-LMFunction PSCmdlet_Publish-LMLayerVersion PSCommand_Publish-LMLayerVersion PSCmdlet_Publish-LMVersion PSCommand_Publish-LMVersion PSCmdlet_Remove-LMAlias PSCommand_Remove-LMAlias PSCmdlet_Remove-LMCodeSigningConfig PSCommand_Remove-LMCodeSigningConfig PSCmdlet_Remove-LMEventSourceMapping PSCommand_Remove-LMEventSourceMapping PSCmdlet_Remove-LMFunction PSCommand_Remove-LMFunction PSCmdlet_Remove-LMFunctionCodeSigningConfig PSCommand_Remove-LMFunctionCodeSigningConfig PSCmdlet_Remove-LMFunctionConcurrency PSCommand_Remove-LMFunctionConcurrency PSCmdlet_Remove-LMFunctionEventInvokeConfig PSCommand_Remove-LMFunctionEventInvokeConfig PSCmdlet_Remove-LMFunctionUrlConfig PSCommand_Remove-LMFunctionUrlConfig PSCmdlet_Remove-LMLayerVersion PSCommand_Remove-LMLayerVersion PSCmdlet_Remove-LMLayerVersionPermission PSCommand_Remove-LMLayerVersionPermission PSCmdlet_Remove-LMPermission PSCommand_Remove-LMPermission PSCmdlet_Remove-LMProvisionedConcurrencyConfig PSCommand_Remove-LMProvisionedConcurrencyConfig PSCmdlet_Remove-LMResourceTag PSCommand_Remove-LMResourceTag PSCmdlet_Update-LMAlias PSCommand_Update-LMAlias PSCmdlet_Update-LMCodeSigningConfig PSCommand_Update-LMCodeSigningConfig PSCmdlet_Update-LMEventSourceMapping PSCommand_Update-LMEventSourceMapping PSCmdlet_Update-LMFunctionCode PSCommand_Update-LMFunctionCode PSCmdlet_Update-LMFunctionConfiguration PSCommand_Update-LMFunctionConfiguration PSCmdlet_Update-LMFunctionEventInvokeConfig PSCommand_Update-LMFunctionEventInvokeConfig PSCmdlet_Update-LMFunctionUrlConfig PSCommand_Update-LMFunctionUrlConfig PSCmdlet_Write-LMFunctionCodeSigningConfig PSCommand_Write-LMFunctionCodeSigningConfig PSCmdlet_Write-LMFunctionConcurrency PSCommand_Write-LMFunctionConcurrency PSCmdlet_Write-LMFunctionEventInvokeConfig PSCommand_Write-LMFunctionEventInvokeConfig PSCmdlet_Write-LMProvisionedConcurrencyConfig PSCommand_Write-LMProvisionedConcurrencyConfig PSIncludes_Cmdlet</S>
          <S N="developmentDependency">False</S>
          <S N="updated">2023-02-01T00:09:43Z</S>
          <S N="NormalizedVersion">4.1.240</S>
          <S N="Authors">Amazon.com Inc</S>
          <S N="IsPrerelease">false</S>
          <S N="ItemType">Module</S>
          <S N="FileList">AWS.Tools.Lambda.nuspec|AWS.Tools.Lambda.Aliases.psm1|AWS.Tools.Lambda.Completers.psm1|AWS.Tools.Lambda.dll|AWS.Tools.Lambda.dll-Help.xml|AWS.Tools.Lambda.Format.ps1xml|AWS.Tools.Lambda.psd1|AWS.Tools.Lambda.XML|AWSSDK.Lambda.dll|LICENSE|NOTICE</S>
          <S N="GUID">240bbccc-f270-44af-8e80-bb4ebe8614ab</S>
          <S N="PowerShellVersion">5.1</S>
          <S N="DotNetFrameworkVersion">4.7.2</S>
          <S N="CompanyName">Amazon.com, Inc</S>
        </MS>
      </Obj>
      <S N="InstalledLocation">C:\Users\jimm3037\AppData\Local\Temp\iam_user_rotate_accesskeys\Modules\AWS.Tools.Lambda\4.1.240</S>
    </MS>
  </Obj>
</Objs>
