<Objs Version="1.1.0.1" xmlns="http://schemas.microsoft.com/powershell/2004/04">
  <Obj RefId="0">
    <TN RefId="0">
      <T>Microsoft.PowerShell.Commands.PSRepositoryItemInfo</T>
      <T>System.Management.Automation.PSCustomObject</T>
      <T>System.Object</T>
    </TN>
    <MS>
      <S N="Name">AWS.Tools.IdentityManagement</S>
      <S N="Version">4.1.286</S>
      <S N="Type">Module</S>
      <S N="Description">The IdentityManagement module of AWS Tools for PowerShell lets developers and administrators manage AWS Identity and Access Management from the PowerShell scripting environment. In order to manage each AWS service, install the corresponding module (e.g. AWS.Tools.EC2, AWS.Tools.S3...)._x000D__x000A_The module AWS.Tools.Installer (https://www.powershellgallery.com/packages/AWS.Tools.Installer/) makes it easier to install, update and uninstall the AWS.Tools modules._x000D__x000A_This version of AWS Tools for PowerShell is compatible with Windows PowerShell 5.1+ and PowerShell Core 6+ on Windows, Linux and macOS. When running on Windows PowerShell, .NET Framework 4.7.2 or newer is required. Alternative modules AWSPowerShell.NetCore and AWSPowerShell, provide support for all AWS services from a single module and also support older versions of Windows PowerShell and .NET Framework.</S>
      <S N="Author">Amazon.com Inc</S>
      <S N="CompanyName">aws-dotnet-sdk-team</S>
      <S N="Copyright">Copyright 2012-2023 Amazon.com, Inc. or its affiliates. All Rights Reserved.</S>
      <DT N="PublishedDate">2023-03-07T23:34:07-06:00</DT>
      <Nil N="InstalledDate" />
      <Nil N="UpdatedDate" />
      <URI N="LicenseUri">https://aws.amazon.com/apache-2-0/</URI>
      <URI N="ProjectUri">https://github.com/aws/aws-tools-for-powershell</URI>
      <URI N="IconUri">https://sdk-for-net.amazonwebservices.com/images/AWSLogo128x128.png</URI>
      <Obj N="Tags" RefId="1">
        <TN RefId="1">
          <T>System.Object[]</T>
          <T>System.Array</T>
          <T>System.Object</T>
        </TN>
        <LST>
          <S>AWS</S>
          <S>cloud</S>
          <S>Windows</S>
          <S>PSEdition_Desktop</S>
          <S>PSEdition_Core</S>
          <S>Linux</S>
          <S>MacOS</S>
          <S>Mac</S>
          <S>PSModule</S>
        </LST>
      </Obj>
      <Obj N="Includes" RefId="2">
        <TN RefId="2">
          <T>System.Collections.Hashtable</T>
          <T>System.Object</T>
        </TN>
        <DCT>
          <En>
            <S N="Key">RoleCapability</S>
            <Obj N="Value" RefId="3">
              <TNRef RefId="1" />
              <LST />
            </Obj>
          </En>
          <En>
            <S N="Key">Function</S>
            <Ref N="Value" RefId="3" />
          </En>
          <En>
            <S N="Key">Cmdlet</S>
            <Obj N="Value" RefId="4">
              <TNRef RefId="1" />
              <LST>
                <S>Add-IAMClientIDToOpenIDConnectProvider</S>
                <S>Add-IAMInstanceProfileTag</S>
                <S>Add-IAMMFADeviceTag</S>
                <S>Add-IAMOpenIDConnectProviderTag</S>
                <S>Add-IAMPolicyTag</S>
                <S>Add-IAMRoleTag</S>
                <S>Add-IAMRoleToInstanceProfile</S>
                <S>Add-IAMSAMLProviderTag</S>
                <S>Add-IAMServerCertificateTag</S>
                <S>Add-IAMUserTag</S>
                <S>Add-IAMUserToGroup</S>
                <S>Disable-IAMMFADevice</S>
                <S>Edit-IAMPassword</S>
                <S>Enable-IAMMFADevice</S>
                <S>Get-IAMAccessKey</S>
                <S>Get-IAMAccessKeyLastUsed</S>
                <S>Get-IAMAccountAlias</S>
                <S>Get-IAMAccountAuthorizationDetail</S>
                <S>Get-IAMAccountPasswordPolicy</S>
                <S>Get-IAMAccountSummary</S>
                <S>Get-IAMAttachedGroupPolicyList</S>
                <S>Get-IAMAttachedRolePolicyList</S>
                <S>Get-IAMAttachedUserPolicyList</S>
                <S>Get-IAMContextKeysForCustomPolicy</S>
                <S>Get-IAMContextKeysForPrincipalPolicy</S>
                <S>Get-IAMCredentialReport</S>
                <S>Get-IAMEntitiesForPolicy</S>
                <S>Get-IAMGroup</S>
                <S>Get-IAMGroupForUser</S>
                <S>Get-IAMGroupList</S>
                <S>Get-IAMGroupPolicy</S>
                <S>Get-IAMGroupPolicyList</S>
                <S>Get-IAMInstanceProfile</S>
                <S>Get-IAMInstanceProfileForRole</S>
                <S>Get-IAMInstanceProfileList</S>
                <S>Get-IAMInstanceProfileTagList</S>
                <S>Get-IAMLoginProfile</S>
                <S>Get-IAMMFADevice</S>
                <S>Get-IAMMFADeviceTagList</S>
                <S>Get-IAMOpenIDConnectProvider</S>
                <S>Get-IAMOpenIDConnectProviderList</S>
                <S>Get-IAMOpenIDConnectProviderTagList</S>
                <S>Get-IAMOrganizationsAccessReport</S>
                <S>Get-IAMPolicy</S>
                <S>Get-IAMPolicyGrantingServiceAccessList</S>
                <S>Get-IAMPolicyList</S>
                <S>Get-IAMPolicyTagList</S>
                <S>Get-IAMPolicyVersion</S>
                <S>Get-IAMPolicyVersionList</S>
                <S>Get-IAMRole</S>
                <S>Get-IAMRoleList</S>
                <S>Get-IAMRolePolicy</S>
                <S>Get-IAMRolePolicyList</S>
                <S>Get-IAMRoleTagList</S>
                <S>Get-IAMSAMLProvider</S>
                <S>Get-IAMSAMLProviderList</S>
                <S>Get-IAMSAMLProviderTagList</S>
                <S>Get-IAMServerCertificate</S>
                <S>Get-IAMServerCertificateList</S>
                <S>Get-IAMServerCertificateTagList</S>
                <S>Get-IAMServiceLastAccessedDetail</S>
                <S>Get-IAMServiceLastAccessedDetailWithEntity</S>
                <S>Get-IAMServiceLinkedRoleDeletionStatus</S>
                <S>Get-IAMServiceSpecificCredentialList</S>
                <S>Get-IAMSigningCertificate</S>
                <S>Get-IAMSSHPublicKey</S>
                <S>Get-IAMSSHPublicKeyList</S>
                <S>Get-IAMUser</S>
                <S>Get-IAMUserList</S>
                <S>Get-IAMUserPolicy</S>
                <S>Get-IAMUserPolicyList</S>
                <S>Get-IAMUserTagList</S>
                <S>Get-IAMVirtualMFADevice</S>
                <S>New-IAMAccessKey</S>
                <S>New-IAMAccountAlias</S>
                <S>New-IAMGroup</S>
                <S>New-IAMInstanceProfile</S>
                <S>New-IAMLoginProfile</S>
                <S>New-IAMOpenIDConnectProvider</S>
                <S>New-IAMOrganizationsAccessReport</S>
                <S>New-IAMPolicy</S>
                <S>New-IAMPolicyVersion</S>
                <S>New-IAMRole</S>
                <S>New-IAMSAMLProvider</S>
                <S>New-IAMServiceLinkedRole</S>
                <S>New-IAMServiceSpecificCredential</S>
                <S>New-IAMUser</S>
                <S>New-IAMVirtualMFADevice</S>
                <S>Publish-IAMServerCertificate</S>
                <S>Publish-IAMSigningCertificate</S>
                <S>Publish-IAMSSHPublicKey</S>
                <S>Register-IAMGroupPolicy</S>
                <S>Register-IAMRolePolicy</S>
                <S>Register-IAMUserPolicy</S>
                <S>Remove-IAMAccessKey</S>
                <S>Remove-IAMAccountAlias</S>
                <S>Remove-IAMAccountPasswordPolicy</S>
                <S>Remove-IAMClientIDFromOpenIDConnectProvider</S>
                <S>Remove-IAMGroup</S>
                <S>Remove-IAMGroupPolicy</S>
                <S>Remove-IAMInstanceProfile</S>
                <S>Remove-IAMInstanceProfileTag</S>
                <S>Remove-IAMLoginProfile</S>
                <S>Remove-IAMMFADeviceTag</S>
                <S>Remove-IAMOpenIDConnectProvider</S>
                <S>Remove-IAMOpenIDConnectProviderTag</S>
                <S>Remove-IAMPolicy</S>
                <S>Remove-IAMPolicyTag</S>
                <S>Remove-IAMPolicyVersion</S>
                <S>Remove-IAMRole</S>
                <S>Remove-IAMRoleFromInstanceProfile</S>
                <S>Remove-IAMRolePermissionsBoundary</S>
                <S>Remove-IAMRolePolicy</S>
                <S>Remove-IAMRoleTag</S>
                <S>Remove-IAMSAMLProvider</S>
                <S>Remove-IAMSAMLProviderTag</S>
                <S>Remove-IAMServerCertificate</S>
                <S>Remove-IAMServerCertificateTag</S>
                <S>Remove-IAMServiceLinkedRole</S>
                <S>Remove-IAMServiceSpecificCredential</S>
                <S>Remove-IAMSigningCertificate</S>
                <S>Remove-IAMSSHPublicKey</S>
                <S>Remove-IAMUser</S>
                <S>Remove-IAMUserFromGroup</S>
                <S>Remove-IAMUserPermissionsBoundary</S>
                <S>Remove-IAMUserPolicy</S>
                <S>Remove-IAMUserTag</S>
                <S>Remove-IAMVirtualMFADevice</S>
                <S>Request-IAMCredentialReport</S>
                <S>Request-IAMServiceLastAccessedDetail</S>
                <S>Reset-IAMServiceSpecificCredential</S>
                <S>Set-IAMDefaultPolicyVersion</S>
                <S>Set-IAMRolePermissionsBoundary</S>
                <S>Set-IAMSecurityTokenServicePreference</S>
                <S>Set-IAMUserPermissionsBoundary</S>
                <S>Sync-IAMMFADevice</S>
                <S>Test-IAMCustomPolicy</S>
                <S>Test-IAMPrincipalPolicy</S>
                <S>Unregister-IAMGroupPolicy</S>
                <S>Unregister-IAMRolePolicy</S>
                <S>Unregister-IAMUserPolicy</S>
                <S>Update-IAMAccessKey</S>
                <S>Update-IAMAccountPasswordPolicy</S>
                <S>Update-IAMAssumeRolePolicy</S>
                <S>Update-IAMGroup</S>
                <S>Update-IAMLoginProfile</S>
                <S>Update-IAMOpenIDConnectProviderThumbprint</S>
                <S>Update-IAMRole</S>
                <S>Update-IAMRoleDescription</S>
                <S>Update-IAMSAMLProvider</S>
                <S>Update-IAMServerCertificate</S>
                <S>Update-IAMServiceSpecificCredential</S>
                <S>Update-IAMSigningCertificate</S>
                <S>Update-IAMSSHPublicKey</S>
                <S>Update-IAMUser</S>
                <S>Write-IAMGroupPolicy</S>
                <S>Write-IAMRolePolicy</S>
                <S>Write-IAMUserPolicy</S>
              </LST>
            </Obj>
          </En>
          <En>
            <S N="Key">Workflow</S>
            <Ref N="Value" RefId="3" />
          </En>
          <En>
            <S N="Key">Command</S>
            <Obj N="Value" RefId="5">
              <TNRef RefId="1" />
              <LST>
                <S>Add-IAMClientIDToOpenIDConnectProvider</S>
                <S>Add-IAMInstanceProfileTag</S>
                <S>Add-IAMMFADeviceTag</S>
                <S>Add-IAMOpenIDConnectProviderTag</S>
                <S>Add-IAMPolicyTag</S>
                <S>Add-IAMRoleTag</S>
                <S>Add-IAMRoleToInstanceProfile</S>
                <S>Add-IAMSAMLProviderTag</S>
                <S>Add-IAMServerCertificateTag</S>
                <S>Add-IAMUserTag</S>
                <S>Add-IAMUserToGroup</S>
                <S>Disable-IAMMFADevice</S>
                <S>Edit-IAMPassword</S>
                <S>Enable-IAMMFADevice</S>
                <S>Get-IAMAccessKey</S>
                <S>Get-IAMAccessKeyLastUsed</S>
                <S>Get-IAMAccountAlias</S>
                <S>Get-IAMAccountAuthorizationDetail</S>
                <S>Get-IAMAccountPasswordPolicy</S>
                <S>Get-IAMAccountSummary</S>
                <S>Get-IAMAttachedGroupPolicyList</S>
                <S>Get-IAMAttachedRolePolicyList</S>
                <S>Get-IAMAttachedUserPolicyList</S>
                <S>Get-IAMContextKeysForCustomPolicy</S>
                <S>Get-IAMContextKeysForPrincipalPolicy</S>
                <S>Get-IAMCredentialReport</S>
                <S>Get-IAMEntitiesForPolicy</S>
                <S>Get-IAMGroup</S>
                <S>Get-IAMGroupForUser</S>
                <S>Get-IAMGroupList</S>
                <S>Get-IAMGroupPolicy</S>
                <S>Get-IAMGroupPolicyList</S>
                <S>Get-IAMInstanceProfile</S>
                <S>Get-IAMInstanceProfileForRole</S>
                <S>Get-IAMInstanceProfileList</S>
                <S>Get-IAMInstanceProfileTagList</S>
                <S>Get-IAMLoginProfile</S>
                <S>Get-IAMMFADevice</S>
                <S>Get-IAMMFADeviceTagList</S>
                <S>Get-IAMOpenIDConnectProvider</S>
                <S>Get-IAMOpenIDConnectProviderList</S>
                <S>Get-IAMOpenIDConnectProviderTagList</S>
                <S>Get-IAMOrganizationsAccessReport</S>
                <S>Get-IAMPolicy</S>
                <S>Get-IAMPolicyGrantingServiceAccessList</S>
                <S>Get-IAMPolicyList</S>
                <S>Get-IAMPolicyTagList</S>
                <S>Get-IAMPolicyVersion</S>
                <S>Get-IAMPolicyVersionList</S>
                <S>Get-IAMRole</S>
                <S>Get-IAMRoleList</S>
                <S>Get-IAMRolePolicy</S>
                <S>Get-IAMRolePolicyList</S>
                <S>Get-IAMRoleTagList</S>
                <S>Get-IAMSAMLProvider</S>
                <S>Get-IAMSAMLProviderList</S>
                <S>Get-IAMSAMLProviderTagList</S>
                <S>Get-IAMServerCertificate</S>
                <S>Get-IAMServerCertificateList</S>
                <S>Get-IAMServerCertificateTagList</S>
                <S>Get-IAMServiceLastAccessedDetail</S>
                <S>Get-IAMServiceLastAccessedDetailWithEntity</S>
                <S>Get-IAMServiceLinkedRoleDeletionStatus</S>
                <S>Get-IAMServiceSpecificCredentialList</S>
                <S>Get-IAMSigningCertificate</S>
                <S>Get-IAMSSHPublicKey</S>
                <S>Get-IAMSSHPublicKeyList</S>
                <S>Get-IAMUser</S>
                <S>Get-IAMUserList</S>
                <S>Get-IAMUserPolicy</S>
                <S>Get-IAMUserPolicyList</S>
                <S>Get-IAMUserTagList</S>
                <S>Get-IAMVirtualMFADevice</S>
                <S>New-IAMAccessKey</S>
                <S>New-IAMAccountAlias</S>
                <S>New-IAMGroup</S>
                <S>New-IAMInstanceProfile</S>
                <S>New-IAMLoginProfile</S>
                <S>New-IAMOpenIDConnectProvider</S>
                <S>New-IAMOrganizationsAccessReport</S>
                <S>New-IAMPolicy</S>
                <S>New-IAMPolicyVersion</S>
                <S>New-IAMRole</S>
                <S>New-IAMSAMLProvider</S>
                <S>New-IAMServiceLinkedRole</S>
                <S>New-IAMServiceSpecificCredential</S>
                <S>New-IAMUser</S>
                <S>New-IAMVirtualMFADevice</S>
                <S>Publish-IAMServerCertificate</S>
                <S>Publish-IAMSigningCertificate</S>
                <S>Publish-IAMSSHPublicKey</S>
                <S>Register-IAMGroupPolicy</S>
                <S>Register-IAMRolePolicy</S>
                <S>Register-IAMUserPolicy</S>
                <S>Remove-IAMAccessKey</S>
                <S>Remove-IAMAccountAlias</S>
                <S>Remove-IAMAccountPasswordPolicy</S>
                <S>Remove-IAMClientIDFromOpenIDConnectProvider</S>
                <S>Remove-IAMGroup</S>
                <S>Remove-IAMGroupPolicy</S>
                <S>Remove-IAMInstanceProfile</S>
                <S>Remove-IAMInstanceProfileTag</S>
                <S>Remove-IAMLoginProfile</S>
                <S>Remove-IAMMFADeviceTag</S>
                <S>Remove-IAMOpenIDConnectProvider</S>
                <S>Remove-IAMOpenIDConnectProviderTag</S>
                <S>Remove-IAMPolicy</S>
                <S>Remove-IAMPolicyTag</S>
                <S>Remove-IAMPolicyVersion</S>
                <S>Remove-IAMRole</S>
                <S>Remove-IAMRoleFromInstanceProfile</S>
                <S>Remove-IAMRolePermissionsBoundary</S>
                <S>Remove-IAMRolePolicy</S>
                <S>Remove-IAMRoleTag</S>
                <S>Remove-IAMSAMLProvider</S>
                <S>Remove-IAMSAMLProviderTag</S>
                <S>Remove-IAMServerCertificate</S>
                <S>Remove-IAMServerCertificateTag</S>
                <S>Remove-IAMServiceLinkedRole</S>
                <S>Remove-IAMServiceSpecificCredential</S>
                <S>Remove-IAMSigningCertificate</S>
                <S>Remove-IAMSSHPublicKey</S>
                <S>Remove-IAMUser</S>
                <S>Remove-IAMUserFromGroup</S>
                <S>Remove-IAMUserPermissionsBoundary</S>
                <S>Remove-IAMUserPolicy</S>
                <S>Remove-IAMUserTag</S>
                <S>Remove-IAMVirtualMFADevice</S>
                <S>Request-IAMCredentialReport</S>
                <S>Request-IAMServiceLastAccessedDetail</S>
                <S>Reset-IAMServiceSpecificCredential</S>
                <S>Set-IAMDefaultPolicyVersion</S>
                <S>Set-IAMRolePermissionsBoundary</S>
                <S>Set-IAMSecurityTokenServicePreference</S>
                <S>Set-IAMUserPermissionsBoundary</S>
                <S>Sync-IAMMFADevice</S>
                <S>Test-IAMCustomPolicy</S>
                <S>Test-IAMPrincipalPolicy</S>
                <S>Unregister-IAMGroupPolicy</S>
                <S>Unregister-IAMRolePolicy</S>
                <S>Unregister-IAMUserPolicy</S>
                <S>Update-IAMAccessKey</S>
                <S>Update-IAMAccountPasswordPolicy</S>
                <S>Update-IAMAssumeRolePolicy</S>
                <S>Update-IAMGroup</S>
                <S>Update-IAMLoginProfile</S>
                <S>Update-IAMOpenIDConnectProviderThumbprint</S>
                <S>Update-IAMRole</S>
                <S>Update-IAMRoleDescription</S>
                <S>Update-IAMSAMLProvider</S>
                <S>Update-IAMServerCertificate</S>
                <S>Update-IAMServiceSpecificCredential</S>
                <S>Update-IAMSigningCertificate</S>
                <S>Update-IAMSSHPublicKey</S>
                <S>Update-IAMUser</S>
                <S>Write-IAMGroupPolicy</S>
                <S>Write-IAMRolePolicy</S>
                <S>Write-IAMUserPolicy</S>
              </LST>
            </Obj>
          </En>
          <En>
            <S N="Key">DscResource</S>
            <Ref N="Value" RefId="3" />
          </En>
        </DCT>
      </Obj>
      <Nil N="PowerShellGetFormatVersion" />
      <S N="ReleaseNotes">https://github.com/aws/aws-tools-for-powershell/blob/master/CHANGELOG.md</S>
      <Obj N="Dependencies" RefId="6">
        <TNRef RefId="1" />
        <LST>
          <Obj RefId="7">
            <TN RefId="3">
              <T>System.Collections.Specialized.OrderedDictionary</T>
              <T>System.Object</T>
            </TN>
            <DCT>
              <En>
                <S N="Key">Name</S>
                <S N="Value">AWS.Tools.Common</S>
              </En>
              <En>
                <S N="Key">RequiredVersion</S>
                <S N="Value">4.1.286</S>
              </En>
              <En>
                <S N="Key">CanonicalId</S>
                <S N="Value">nuget:AWS.Tools.Common/[4.1.286]</S>
              </En>
            </DCT>
          </Obj>
        </LST>
      </Obj>
      <S N="RepositorySourceLocation">https://www.powershellgallery.com/api/v2</S>
      <S N="Repository">PSGallery</S>
      <S N="PackageManagementProvider">NuGet</S>
      <Obj N="AdditionalMetadata" RefId="8">
        <TN RefId="4">
          <T>System.Management.Automation.PSCustomObject</T>
          <T>System.Object</T>
        </TN>
        <MS>
          <S N="copyright">Copyright 2012-2023 Amazon.com, Inc. or its affiliates. All Rights Reserved.</S>
          <S N="description">The IdentityManagement module of AWS Tools for PowerShell lets developers and administrators manage AWS Identity and Access Management from the PowerShell scripting environment. In order to manage each AWS service, install the corresponding module (e.g. AWS.Tools.EC2, AWS.Tools.S3...)._x000D__x000A_The module AWS.Tools.Installer (https://www.powershellgallery.com/packages/AWS.Tools.Installer/) makes it easier to install, update and uninstall the AWS.Tools modules._x000D__x000A_This version of AWS Tools for PowerShell is compatible with Windows PowerShell 5.1+ and PowerShell Core 6+ on Windows, Linux and macOS. When running on Windows PowerShell, .NET Framework 4.7.2 or newer is required. Alternative modules AWSPowerShell.NetCore and AWSPowerShell, provide support for all AWS services from a single module and also support older versions of Windows PowerShell and .NET Framework.</S>
          <S N="requireLicenseAcceptance">False</S>
          <S N="releaseNotes">https://github.com/aws/aws-tools-for-powershell/blob/master/CHANGELOG.md</S>
          <S N="isLatestVersion">False</S>
          <S N="isAbsoluteLatestVersion">False</S>
          <S N="versionDownloadCount">6666</S>
          <S N="downloadCount">1154612</S>
          <S N="packageSize">620281</S>
          <S N="published">3/7/2023 11:34:07 PM -06:00</S>
          <S N="created">3/7/2023 11:34:07 PM -06:00</S>
          <S N="lastUpdated">3/22/2023 2:24:37 PM -05:00</S>
          <S N="tags">AWS cloud Windows PSEdition_Desktop PSEdition_Core Linux MacOS Mac PSModule</S>
          <S N="developmentDependency">False</S>
          <S N="updated">2023-03-22T14:24:37Z</S>
          <S N="NormalizedVersion">4.1.286</S>
          <S N="Authors">Amazon.com Inc</S>
          <S N="IsPrerelease">false</S>
          <S N="ItemType">Module</S>
          <S N="FileList">AWS.Tools.IdentityManagement.nuspec|AWS.Tools.IdentityManagement.Aliases.psm1|AWS.Tools.IdentityManagement.Completers.psm1|AWS.Tools.IdentityManagement.dll|AWS.Tools.IdentityManagement.dll-Help.xml|AWS.Tools.IdentityManagement.Format.ps1xml|AWS.Tools.IdentityManagement.psd1|AWS.Tools.IdentityManagement.XML|AWSSDK.IdentityManagement.dll|LICENSE|NOTICE</S>
          <S N="Cmdlets">Add-IAMClientIDToOpenIDConnectProvider Add-IAMInstanceProfileTag Add-IAMMFADeviceTag Add-IAMOpenIDConnectProviderTag Add-IAMPolicyTag Add-IAMRoleTag Add-IAMRoleToInstanceProfile Add-IAMSAMLProviderTag Add-IAMServerCertificateTag Add-IAMUserTag Add-IAMUserToGroup Disable-IAMMFADevice Edit-IAMPassword Enable-IAMMFADevice Get-IAMAccessKey Get-IAMAccessKeyLastUsed Get-IAMAccountAlias Get-IAMAccountAuthorizationDetail Get-IAMAccountPasswordPolicy Get-IAMAccountSummary Get-IAMAttachedGroupPolicyList Get-IAMAttachedRolePolicyList Get-IAMAttachedUserPolicyList Get-IAMContextKeysForCustomPolicy Get-IAMContextKeysForPrincipalPolicy Get-IAMCredentialReport Get-IAMEntitiesForPolicy Get-IAMGroup Get-IAMGroupForUser Get-IAMGroupList Get-IAMGroupPolicy Get-IAMGroupPolicyList Get-IAMInstanceProfile Get-IAMInstanceProfileForRole Get-IAMInstanceProfileList Get-IAMInstanceProfileTagList Get-IAMLoginProfile Get-IAMMFADevice Get-IAMMFADeviceTagList Get-IAMOpenIDConnectProvider Get-IAMOpenIDConnectProviderList Get-IAMOpenIDConnectProviderTagList Get-IAMOrganizationsAccessReport Get-IAMPolicy Get-IAMPolicyGrantingServiceAccessList Get-IAMPolicyList Get-IAMPolicyTagList Get-IAMPolicyVersion Get-IAMPolicyVersionList Get-IAMRole Get-IAMRoleList Get-IAMRolePolicy Get-IAMRolePolicyList Get-IAMRoleTagList Get-IAMSAMLProvider Get-IAMSAMLProviderList Get-IAMSAMLProviderTagList Get-IAMServerCertificate Get-IAMServerCertificateList Get-IAMServerCertificateTagList Get-IAMServiceLastAccessedDetail Get-IAMServiceLastAccessedDetailWithEntity Get-IAMServiceLinkedRoleDeletionStatus Get-IAMServiceSpecificCredentialList Get-IAMSigningCertificate Get-IAMSSHPublicKey Get-IAMSSHPublicKeyList Get-IAMUser Get-IAMUserList Get-IAMUserPolicy Get-IAMUserPolicyList Get-IAMUserTagList Get-IAMVirtualMFADevice New-IAMAccessKey New-IAMAccountAlias New-IAMGroup New-IAMInstanceProfile New-IAMLoginProfile New-IAMOpenIDConnectProvider New-IAMOrganizationsAccessReport New-IAMPolicy New-IAMPolicyVersion New-IAMRole New-IAMSAMLProvider New-IAMServiceLinkedRole New-IAMServiceSpecificCredential New-IAMUser New-IAMVirtualMFADevice Publish-IAMServerCertificate Publish-IAMSigningCertificate Publish-IAMSSHPublicKey Register-IAMGroupPolicy Register-IAMRolePolicy Register-IAMUserPolicy Remove-IAMAccessKey Remove-IAMAccountAlias Remove-IAMAccountPasswordPolicy Remove-IAMClientIDFromOpenIDConnectProvider Remove-IAMGroup Remove-IAMGroupPolicy Remove-IAMInstanceProfile Remove-IAMInstanceProfileTag Remove-IAMLoginProfile Remove-IAMMFADeviceTag Remove-IAMOpenIDConnectProvider Remove-IAMOpenIDConnectProviderTag Remove-IAMPolicy Remove-IAMPolicyTag Remove-IAMPolicyVersion Remove-IAMRole Remove-IAMRoleFromInstanceProfile Remove-IAMRolePermissionsBoundary Remove-IAMRolePolicy Remove-IAMRoleTag Remove-IAMSAMLProvider Remove-IAMSAMLProviderTag Remove-IAMServerCertificate Remove-IAMServerCertificateTag Remove-IAMServiceLinkedRole Remove-IAMServiceSpecificCredential Remove-IAMSigningCertificate Remove-IAMSSHPublicKey Remove-IAMUser Remove-IAMUserFromGroup Remove-IAMUserPermissionsBoundary Remove-IAMUserPolicy Remove-IAMUserTag Remove-IAMVirtualMFADevice Request-IAMCredentialReport Request-IAMServiceLastAccessedDetail Reset-IAMServiceSpecificCredential Set-IAMDefaultPolicyVersion Set-IAMRolePermissionsBoundary Set-IAMSecurityTokenServicePreference Set-IAMUserPermissionsBoundary Sync-IAMMFADevice Test-IAMCustomPolicy Test-IAMPrincipalPolicy Unregister-IAMGroupPolicy Unregister-IAMRolePolicy Unregister-IAMUserPolicy Update-IAMAccessKey Update-IAMAccountPasswordPolicy Update-IAMAssumeRolePolicy Update-IAMGroup Update-IAMLoginProfile Update-IAMOpenIDConnectProviderThumbprint Update-IAMRole Update-IAMRoleDescription Update-IAMSAMLProvider Update-IAMServerCertificate Update-IAMServiceSpecificCredential Update-IAMSigningCertificate Update-IAMSSHPublicKey Update-IAMUser Write-IAMGroupPolicy Write-IAMRolePolicy Write-IAMUserPolicy</S>
          <S N="GUID">1748b4bc-1117-4cfb-9b5e-b80026f1b165</S>
          <S N="PowerShellVersion">5.1</S>
          <S N="DotNetFrameworkVersion">4.7.2</S>
          <S N="CompanyName">Amazon.com, Inc</S>
        </MS>
      </Obj>
      <S N="InstalledLocation">C:\Users\jimm3037\AppData\Local\Temp\remove_inactive_accesskeys\Modules\AWS.Tools.IdentityManagement\4.1.286</S>
    </MS>
  </Obj>
</Objs>
