<Objs Version="1.1.0.1" xmlns="http://schemas.microsoft.com/powershell/2004/04">
  <Obj RefId="0">
    <TN RefId="0">
      <T>Microsoft.PowerShell.Commands.PSRepositoryItemInfo</T>
      <T>System.Management.Automation.PSCustomObject</T>
      <T>System.Object</T>
    </TN>
    <MS>
      <S N="Name">AWS.Tools.Common</S>
      <S N="Version">4.1.286</S>
      <S N="Type">Module</S>
      <S N="Description">The AWS Tools for PowerShell lets developers and administrators manage their AWS services from the PowerShell scripting environment. In order to manage each AWS service, install the corresponding module (e.g. AWS.Tools.EC2, AWS.Tools.S3...)._x000D__x000A_The module AWS.Tools.Installer (https://www.powershellgallery.com/packages/AWS.Tools.Installer/) makes it easier to install, update and uninstall the AWS.Tools modules._x000D__x000A_This version of AWS Tools for PowerShell is compatible with Windows PowerShell 5.1+ and PowerShell Core 6+ on Windows, Linux and macOS. When running on Windows PowerShell, .NET Framework 4.7.2 or newer is required._x000D__x000A_Alternative modules, AWSPowerShell.NetCore and AWSPowerShell, provide support for all AWS services from a single module and also support older versions of Windows PowerShell and .NET Framework.</S>
      <S N="Author">Amazon.com Inc</S>
      <S N="CompanyName">aws-dotnet-sdk-team</S>
      <S N="Copyright">Copyright 2012-2023 Amazon.com, Inc. or its affiliates. All Rights Reserved.</S>
      <DT N="PublishedDate">2023-03-07T23:18:06-06:00</DT>
      <Nil N="InstalledDate" />
      <Nil N="UpdatedDate" />
      <URI N="LicenseUri">https://aws.amazon.com/apache-2-0/</URI>
      <URI N="ProjectUri">https://github.com/aws/aws-tools-for-powershell</URI>
      <URI N="IconUri">https://sdk-for-net.amazonwebservices.com/images/AWSLogo128x128.png</URI>
      <Obj N="Tags" RefId="1">
        <TN RefId="1">
          <T>System.Object[]</T>
          <T>System.Array</T>
          <T>System.Object</T>
        </TN>
        <LST>
          <S>AWS</S>
          <S>cloud</S>
          <S>Windows</S>
          <S>PSEdition_Desktop</S>
          <S>PSEdition_Core</S>
          <S>Linux</S>
          <S>MacOS</S>
          <S>Mac</S>
          <S>PSModule</S>
        </LST>
      </Obj>
      <Obj N="Includes" RefId="2">
        <TN RefId="2">
          <T>System.Collections.Hashtable</T>
          <T>System.Object</T>
        </TN>
        <DCT>
          <En>
            <S N="Key">RoleCapability</S>
            <Obj N="Value" RefId="3">
              <TNRef RefId="1" />
              <LST />
            </Obj>
          </En>
          <En>
            <S N="Key">Function</S>
            <Ref N="Value" RefId="3" />
          </En>
          <En>
            <S N="Key">Cmdlet</S>
            <Obj N="Value" RefId="4">
              <TNRef RefId="1" />
              <LST>
                <S>Clear-AWSHistory</S>
                <S>Set-AWSHistoryConfiguration</S>
                <S>Initialize-AWSDefaultConfiguration</S>
                <S>Clear-AWSDefaultConfiguration</S>
                <S>Get-AWSPowerShellVersion</S>
                <S>New-AWSCredential</S>
                <S>Set-AWSCredential</S>
                <S>Clear-AWSCredential</S>
                <S>Get-AWSCredential</S>
                <S>Set-AWSSamlEndpoint</S>
                <S>Set-AWSSamlRoleProfile</S>
                <S>Get-AWSService</S>
                <S>Get-AWSCmdletName</S>
                <S>Add-AWSLoggingListener</S>
                <S>Remove-AWSLoggingListener</S>
                <S>Set-AWSResponseLogging</S>
                <S>Enable-AWSMetricsLogging</S>
                <S>Disable-AWSMetricsLogging</S>
                <S>Set-AWSProxy</S>
                <S>Clear-AWSProxy</S>
                <S>Get-AWSPublicIpAddressRange</S>
                <S>Set-DefaultAWSRegion</S>
                <S>Clear-DefaultAWSRegion</S>
                <S>Get-DefaultAWSRegion</S>
                <S>Get-AWSRegion</S>
                <S>Remove-AWSCredentialProfile</S>
              </LST>
            </Obj>
          </En>
          <En>
            <S N="Key">Workflow</S>
            <Ref N="Value" RefId="3" />
          </En>
          <En>
            <S N="Key">Command</S>
            <Obj N="Value" RefId="5">
              <TNRef RefId="1" />
              <LST>
                <S>Clear-AWSHistory</S>
                <S>Set-AWSHistoryConfiguration</S>
                <S>Initialize-AWSDefaultConfiguration</S>
                <S>Clear-AWSDefaultConfiguration</S>
                <S>Get-AWSPowerShellVersion</S>
                <S>New-AWSCredential</S>
                <S>Set-AWSCredential</S>
                <S>Clear-AWSCredential</S>
                <S>Get-AWSCredential</S>
                <S>Set-AWSSamlEndpoint</S>
                <S>Set-AWSSamlRoleProfile</S>
                <S>Get-AWSService</S>
                <S>Get-AWSCmdletName</S>
                <S>Add-AWSLoggingListener</S>
                <S>Remove-AWSLoggingListener</S>
                <S>Set-AWSResponseLogging</S>
                <S>Enable-AWSMetricsLogging</S>
                <S>Disable-AWSMetricsLogging</S>
                <S>Set-AWSProxy</S>
                <S>Clear-AWSProxy</S>
                <S>Get-AWSPublicIpAddressRange</S>
                <S>Set-DefaultAWSRegion</S>
                <S>Clear-DefaultAWSRegion</S>
                <S>Get-DefaultAWSRegion</S>
                <S>Get-AWSRegion</S>
                <S>Remove-AWSCredentialProfile</S>
              </LST>
            </Obj>
          </En>
          <En>
            <S N="Key">DscResource</S>
            <Ref N="Value" RefId="3" />
          </En>
        </DCT>
      </Obj>
      <Nil N="PowerShellGetFormatVersion" />
      <S N="ReleaseNotes">https://github.com/aws/aws-tools-for-powershell/blob/master/CHANGELOG.md</S>
      <Obj N="Dependencies" RefId="6">
        <TNRef RefId="1" />
        <LST />
      </Obj>
      <S N="RepositorySourceLocation">https://www.powershellgallery.com/api/v2</S>
      <S N="Repository">PSGallery</S>
      <S N="PackageManagementProvider">NuGet</S>
      <Obj N="AdditionalMetadata" RefId="7">
        <TN RefId="3">
          <T>System.Management.Automation.PSCustomObject</T>
          <T>System.Object</T>
        </TN>
        <MS>
          <S N="copyright">Copyright 2012-2023 Amazon.com, Inc. or its affiliates. All Rights Reserved.</S>
          <S N="description">The AWS Tools for PowerShell lets developers and administrators manage their AWS services from the PowerShell scripting environment. In order to manage each AWS service, install the corresponding module (e.g. AWS.Tools.EC2, AWS.Tools.S3...)._x000D__x000A_The module AWS.Tools.Installer (https://www.powershellgallery.com/packages/AWS.Tools.Installer/) makes it easier to install, update and uninstall the AWS.Tools modules._x000D__x000A_This version of AWS Tools for PowerShell is compatible with Windows PowerShell 5.1+ and PowerShell Core 6+ on Windows, Linux and macOS. When running on Windows PowerShell, .NET Framework 4.7.2 or newer is required._x000D__x000A_Alternative modules, AWSPowerShell.NetCore and AWSPowerShell, provide support for all AWS services from a single module and also support older versions of Windows PowerShell and .NET Framework.</S>
          <S N="requireLicenseAcceptance">False</S>
          <S N="releaseNotes">https://github.com/aws/aws-tools-for-powershell/blob/master/CHANGELOG.md</S>
          <S N="isLatestVersion">False</S>
          <S N="isAbsoluteLatestVersion">False</S>
          <S N="versionDownloadCount">26993</S>
          <S N="downloadCount">12882743</S>
          <S N="packageSize">4980222</S>
          <S N="published">3/7/2023 11:18:06 PM -06:00</S>
          <S N="created">3/7/2023 11:18:06 PM -06:00</S>
          <S N="lastUpdated">3/30/2023 6:23:38 PM -05:00</S>
          <S N="tags">AWS cloud Windows PSEdition_Desktop PSEdition_Core Linux MacOS Mac PSModule</S>
          <S N="developmentDependency">False</S>
          <S N="updated">2023-03-30T18:23:38Z</S>
          <S N="NormalizedVersion">4.1.286</S>
          <S N="Authors">Amazon.com Inc</S>
          <S N="IsPrerelease">false</S>
          <S N="ItemType">Module</S>
          <S N="FileList">AWS.Tools.Common.nuspec|aws-crt-auth.dll|aws-crt-checksums.dll|aws-crt-http.dll|aws-crt.dll|AWS.Tools.Common.Aliases.psm1|AWS.Tools.Common.Completers.psm1|AWS.Tools.Common.dll|AWS.Tools.Common.dll-Help.xml|AWS.Tools.Common.Format.ps1xml|AWS.Tools.Common.psd1|AWS.Tools.Common.XML|AWSSDK.Core.dll|AWSSDK.Extensions.CrtIntegration.dll|AWSSDK.SecurityToken.dll|ImportGuard.ps1|LICENSE|NOTICE</S>
          <S N="Cmdlets">Clear-AWSHistory Set-AWSHistoryConfiguration Initialize-AWSDefaultConfiguration Clear-AWSDefaultConfiguration Get-AWSPowerShellVersion New-AWSCredential Set-AWSCredential Clear-AWSCredential Get-AWSCredential Set-AWSSamlEndpoint Set-AWSSamlRoleProfile Get-AWSService Get-AWSCmdletName Add-AWSLoggingListener Remove-AWSLoggingListener Set-AWSResponseLogging Enable-AWSMetricsLogging Disable-AWSMetricsLogging Set-AWSProxy Clear-AWSProxy Get-AWSPublicIpAddressRange Set-DefaultAWSRegion Clear-DefaultAWSRegion Get-DefaultAWSRegion Get-AWSRegion Remove-AWSCredentialProfile</S>
          <S N="GUID">e5b05bf3-9eee-47b2-81f2-41ddc0501b86</S>
          <S N="PowerShellVersion">5.1</S>
          <S N="DotNetFrameworkVersion">4.7.2</S>
          <S N="CompanyName">Amazon.com, Inc</S>
        </MS>
      </Obj>
      <S N="InstalledLocation">C:\Users\jimm3037\AppData\Local\Temp\remove_inactive_accesskeys\Modules\AWS.Tools.Common\4.1.286</S>
    </MS>
  </Obj>
</Objs>
