<Objs Version="1.1.0.1" xmlns="http://schemas.microsoft.com/powershell/2004/04">
  <Obj RefId="0">
    <TN RefId="0">
      <T>Microsoft.PowerShell.Commands.PSRepositoryItemInfo</T>
      <T>System.Management.Automation.PSCustomObject</T>
      <T>System.Object</T>
    </TN>
    <MS>
      <S N="Name">AWS.Tools.CloudWatchLogs</S>
      <S N="Version">4.1.286</S>
      <S N="Type">Module</S>
      <S N="Description">The CloudWatchLogs module of AWS Tools for PowerShell lets developers and administrators manage Amazon CloudWatch Logs from the PowerShell scripting environment. In order to manage each AWS service, install the corresponding module (e.g. AWS.Tools.EC2, AWS.Tools.S3...)._x000D__x000A_The module AWS.Tools.Installer (https://www.powershellgallery.com/packages/AWS.Tools.Installer/) makes it easier to install, update and uninstall the AWS.Tools modules._x000D__x000A_This version of AWS Tools for PowerShell is compatible with Windows PowerShell 5.1+ and PowerShell Core 6+ on Windows, Linux and macOS. When running on Windows PowerShell, .NET Framework 4.7.2 or newer is required. Alternative modules AWSPowerShell.NetCore and AWSPowerShell, provide support for all AWS services from a single module and also support older versions of Windows PowerShell and .NET Framework.</S>
      <S N="Author">Amazon.com Inc</S>
      <S N="CompanyName">aws-dotnet-sdk-team</S>
      <S N="Copyright">Copyright 2012-2023 Amazon.com, Inc. or its affiliates. All Rights Reserved.</S>
      <DT N="PublishedDate">2023-03-07T23:24:33-06:00</DT>
      <Nil N="InstalledDate" />
      <Nil N="UpdatedDate" />
      <URI N="LicenseUri">https://aws.amazon.com/apache-2-0/</URI>
      <URI N="ProjectUri">https://github.com/aws/aws-tools-for-powershell</URI>
      <URI N="IconUri">https://sdk-for-net.amazonwebservices.com/images/AWSLogo128x128.png</URI>
      <Obj N="Tags" RefId="1">
        <TN RefId="1">
          <T>System.Object[]</T>
          <T>System.Array</T>
          <T>System.Object</T>
        </TN>
        <LST>
          <S>AWS</S>
          <S>cloud</S>
          <S>Windows</S>
          <S>PSEdition_Desktop</S>
          <S>PSEdition_Core</S>
          <S>Linux</S>
          <S>MacOS</S>
          <S>Mac</S>
          <S>PSModule</S>
        </LST>
      </Obj>
      <Obj N="Includes" RefId="2">
        <TN RefId="2">
          <T>System.Collections.Hashtable</T>
          <T>System.Object</T>
        </TN>
        <DCT>
          <En>
            <S N="Key">RoleCapability</S>
            <Obj N="Value" RefId="3">
              <TNRef RefId="1" />
              <LST />
            </Obj>
          </En>
          <En>
            <S N="Key">Function</S>
            <Ref N="Value" RefId="3" />
          </En>
          <En>
            <S N="Key">Cmdlet</S>
            <Obj N="Value" RefId="4">
              <TNRef RefId="1" />
              <LST>
                <S>Add-CWLLogGroupTag</S>
                <S>Add-CWLResourceTag</S>
                <S>Get-CWLDataProtectionPolicy</S>
                <S>Get-CWLDestination</S>
                <S>Get-CWLExportTask</S>
                <S>Get-CWLFilteredLogEvent</S>
                <S>Get-CWLLogEvent</S>
                <S>Get-CWLLogGroup</S>
                <S>Get-CWLLogGroupField</S>
                <S>Get-CWLLogGroupTag</S>
                <S>Get-CWLLogRecord</S>
                <S>Get-CWLLogStream</S>
                <S>Get-CWLMetricFilter</S>
                <S>Get-CWLQuery</S>
                <S>Get-CWLQueryDefinition</S>
                <S>Get-CWLQueryResult</S>
                <S>Get-CWLResourcePolicy</S>
                <S>Get-CWLResourceTag</S>
                <S>Get-CWLSubscriptionFilter</S>
                <S>New-CWLExportTask</S>
                <S>New-CWLLogGroup</S>
                <S>New-CWLLogStream</S>
                <S>Register-CWLKmsKey</S>
                <S>Remove-CWLDataProtectionPolicy</S>
                <S>Remove-CWLDestination</S>
                <S>Remove-CWLLogGroup</S>
                <S>Remove-CWLLogGroupTag</S>
                <S>Remove-CWLLogStream</S>
                <S>Remove-CWLMetricFilter</S>
                <S>Remove-CWLQueryDefinition</S>
                <S>Remove-CWLResourcePolicy</S>
                <S>Remove-CWLResourceTag</S>
                <S>Remove-CWLRetentionPolicy</S>
                <S>Remove-CWLSubscriptionFilter</S>
                <S>Start-CWLQuery</S>
                <S>Stop-CWLExportTask</S>
                <S>Stop-CWLQuery</S>
                <S>Test-CWLMetricFilter</S>
                <S>Unregister-CWLKmsKey</S>
                <S>Write-CWLDataProtectionPolicy</S>
                <S>Write-CWLDestination</S>
                <S>Write-CWLDestinationPolicy</S>
                <S>Write-CWLLogEvent</S>
                <S>Write-CWLMetricFilter</S>
                <S>Write-CWLQueryDefinition</S>
                <S>Write-CWLResourcePolicy</S>
                <S>Write-CWLRetentionPolicy</S>
                <S>Write-CWLSubscriptionFilter</S>
              </LST>
            </Obj>
          </En>
          <En>
            <S N="Key">Workflow</S>
            <Ref N="Value" RefId="3" />
          </En>
          <En>
            <S N="Key">Command</S>
            <Obj N="Value" RefId="5">
              <TNRef RefId="1" />
              <LST>
                <S>Add-CWLLogGroupTag</S>
                <S>Add-CWLResourceTag</S>
                <S>Get-CWLDataProtectionPolicy</S>
                <S>Get-CWLDestination</S>
                <S>Get-CWLExportTask</S>
                <S>Get-CWLFilteredLogEvent</S>
                <S>Get-CWLLogEvent</S>
                <S>Get-CWLLogGroup</S>
                <S>Get-CWLLogGroupField</S>
                <S>Get-CWLLogGroupTag</S>
                <S>Get-CWLLogRecord</S>
                <S>Get-CWLLogStream</S>
                <S>Get-CWLMetricFilter</S>
                <S>Get-CWLQuery</S>
                <S>Get-CWLQueryDefinition</S>
                <S>Get-CWLQueryResult</S>
                <S>Get-CWLResourcePolicy</S>
                <S>Get-CWLResourceTag</S>
                <S>Get-CWLSubscriptionFilter</S>
                <S>New-CWLExportTask</S>
                <S>New-CWLLogGroup</S>
                <S>New-CWLLogStream</S>
                <S>Register-CWLKmsKey</S>
                <S>Remove-CWLDataProtectionPolicy</S>
                <S>Remove-CWLDestination</S>
                <S>Remove-CWLLogGroup</S>
                <S>Remove-CWLLogGroupTag</S>
                <S>Remove-CWLLogStream</S>
                <S>Remove-CWLMetricFilter</S>
                <S>Remove-CWLQueryDefinition</S>
                <S>Remove-CWLResourcePolicy</S>
                <S>Remove-CWLResourceTag</S>
                <S>Remove-CWLRetentionPolicy</S>
                <S>Remove-CWLSubscriptionFilter</S>
                <S>Start-CWLQuery</S>
                <S>Stop-CWLExportTask</S>
                <S>Stop-CWLQuery</S>
                <S>Test-CWLMetricFilter</S>
                <S>Unregister-CWLKmsKey</S>
                <S>Write-CWLDataProtectionPolicy</S>
                <S>Write-CWLDestination</S>
                <S>Write-CWLDestinationPolicy</S>
                <S>Write-CWLLogEvent</S>
                <S>Write-CWLMetricFilter</S>
                <S>Write-CWLQueryDefinition</S>
                <S>Write-CWLResourcePolicy</S>
                <S>Write-CWLRetentionPolicy</S>
                <S>Write-CWLSubscriptionFilter</S>
              </LST>
            </Obj>
          </En>
          <En>
            <S N="Key">DscResource</S>
            <Ref N="Value" RefId="3" />
          </En>
        </DCT>
      </Obj>
      <Nil N="PowerShellGetFormatVersion" />
      <S N="ReleaseNotes">https://github.com/aws/aws-tools-for-powershell/blob/master/CHANGELOG.md</S>
      <Obj N="Dependencies" RefId="6">
        <TNRef RefId="1" />
        <LST>
          <Obj RefId="7">
            <TN RefId="3">
              <T>System.Collections.Specialized.OrderedDictionary</T>
              <T>System.Object</T>
            </TN>
            <DCT>
              <En>
                <S N="Key">Name</S>
                <S N="Value">AWS.Tools.Common</S>
              </En>
              <En>
                <S N="Key">RequiredVersion</S>
                <S N="Value">4.1.286</S>
              </En>
              <En>
                <S N="Key">CanonicalId</S>
                <S N="Value">nuget:AWS.Tools.Common/[4.1.286]</S>
              </En>
            </DCT>
          </Obj>
        </LST>
      </Obj>
      <S N="RepositorySourceLocation">https://www.powershellgallery.com/api/v2</S>
      <S N="Repository">PSGallery</S>
      <S N="PackageManagementProvider">NuGet</S>
      <Obj N="AdditionalMetadata" RefId="8">
        <TN RefId="4">
          <T>System.Management.Automation.PSCustomObject</T>
          <T>System.Object</T>
        </TN>
        <MS>
          <S N="copyright">Copyright 2012-2023 Amazon.com, Inc. or its affiliates. All Rights Reserved.</S>
          <S N="description">The CloudWatchLogs module of AWS Tools for PowerShell lets developers and administrators manage Amazon CloudWatch Logs from the PowerShell scripting environment. In order to manage each AWS service, install the corresponding module (e.g. AWS.Tools.EC2, AWS.Tools.S3...)._x000D__x000A_The module AWS.Tools.Installer (https://www.powershellgallery.com/packages/AWS.Tools.Installer/) makes it easier to install, update and uninstall the AWS.Tools modules._x000D__x000A_This version of AWS Tools for PowerShell is compatible with Windows PowerShell 5.1+ and PowerShell Core 6+ on Windows, Linux and macOS. When running on Windows PowerShell, .NET Framework 4.7.2 or newer is required. Alternative modules AWSPowerShell.NetCore and AWSPowerShell, provide support for all AWS services from a single module and also support older versions of Windows PowerShell and .NET Framework.</S>
          <S N="requireLicenseAcceptance">False</S>
          <S N="releaseNotes">https://github.com/aws/aws-tools-for-powershell/blob/master/CHANGELOG.md</S>
          <S N="isLatestVersion">False</S>
          <S N="isAbsoluteLatestVersion">False</S>
          <S N="versionDownloadCount">369</S>
          <S N="downloadCount">185115</S>
          <S N="packageSize">250542</S>
          <S N="published">3/7/2023 11:24:33 PM -06:00</S>
          <S N="created">3/7/2023 11:24:33 PM -06:00</S>
          <S N="lastUpdated">3/30/2023 6:23:38 PM -05:00</S>
          <S N="tags">AWS cloud Windows PSEdition_Desktop PSEdition_Core Linux MacOS Mac PSModule PSCmdlet_Add-CWLLogGroupTag PSCommand_Add-CWLLogGroupTag PSCmdlet_Add-CWLResourceTag PSCommand_Add-CWLResourceTag PSCmdlet_Get-CWLDataProtectionPolicy PSCommand_Get-CWLDataProtectionPolicy PSCmdlet_Get-CWLDestination PSCommand_Get-CWLDestination PSCmdlet_Get-CWLExportTask PSCommand_Get-CWLExportTask PSCmdlet_Get-CWLFilteredLogEvent PSCommand_Get-CWLFilteredLogEvent PSCmdlet_Get-CWLLogEvent PSCommand_Get-CWLLogEvent PSCmdlet_Get-CWLLogGroup PSCommand_Get-CWLLogGroup PSCmdlet_Get-CWLLogGroupField PSCommand_Get-CWLLogGroupField PSCmdlet_Get-CWLLogGroupTag PSCommand_Get-CWLLogGroupTag PSCmdlet_Get-CWLLogRecord PSCommand_Get-CWLLogRecord PSCmdlet_Get-CWLLogStream PSCommand_Get-CWLLogStream PSCmdlet_Get-CWLMetricFilter PSCommand_Get-CWLMetricFilter PSCmdlet_Get-CWLQuery PSCommand_Get-CWLQuery PSCmdlet_Get-CWLQueryDefinition PSCommand_Get-CWLQueryDefinition PSCmdlet_Get-CWLQueryResult PSCommand_Get-CWLQueryResult PSCmdlet_Get-CWLResourcePolicy PSCommand_Get-CWLResourcePolicy PSCmdlet_Get-CWLResourceTag PSCommand_Get-CWLResourceTag PSCmdlet_Get-CWLSubscriptionFilter PSCommand_Get-CWLSubscriptionFilter PSCmdlet_New-CWLExportTask PSCommand_New-CWLExportTask PSCmdlet_New-CWLLogGroup PSCommand_New-CWLLogGroup PSCmdlet_New-CWLLogStream PSCommand_New-CWLLogStream PSCmdlet_Register-CWLKmsKey PSCommand_Register-CWLKmsKey PSCmdlet_Remove-CWLDataProtectionPolicy PSCommand_Remove-CWLDataProtectionPolicy PSCmdlet_Remove-CWLDestination PSCommand_Remove-CWLDestination PSCmdlet_Remove-CWLLogGroup PSCommand_Remove-CWLLogGroup PSCmdlet_Remove-CWLLogGroupTag PSCommand_Remove-CWLLogGroupTag PSCmdlet_Remove-CWLLogStream PSCommand_Remove-CWLLogStream PSCmdlet_Remove-CWLMetricFilter PSCommand_Remove-CWLMetricFilter PSCmdlet_Remove-CWLQueryDefinition PSCommand_Remove-CWLQueryDefinition PSCmdlet_Remove-CWLResourcePolicy PSCommand_Remove-CWLResourcePolicy PSCmdlet_Remove-CWLResourceTag PSCommand_Remove-CWLResourceTag PSCmdlet_Remove-CWLRetentionPolicy PSCommand_Remove-CWLRetentionPolicy PSCmdlet_Remove-CWLSubscriptionFilter PSCommand_Remove-CWLSubscriptionFilter PSCmdlet_Start-CWLQuery PSCommand_Start-CWLQuery PSCmdlet_Stop-CWLExportTask PSCommand_Stop-CWLExportTask PSCmdlet_Stop-CWLQuery PSCommand_Stop-CWLQuery PSCmdlet_Test-CWLMetricFilter PSCommand_Test-CWLMetricFilter PSCmdlet_Unregister-CWLKmsKey PSCommand_Unregister-CWLKmsKey PSCmdlet_Write-CWLDataProtectionPolicy PSCommand_Write-CWLDataProtectionPolicy PSCmdlet_Write-CWLDestination PSCommand_Write-CWLDestination PSCmdlet_Write-CWLDestinationPolicy PSCommand_Write-CWLDestinationPolicy PSCmdlet_Write-CWLLogEvent PSCommand_Write-CWLLogEvent PSCmdlet_Write-CWLMetricFilter PSCommand_Write-CWLMetricFilter PSCmdlet_Write-CWLQueryDefinition PSCommand_Write-CWLQueryDefinition PSCmdlet_Write-CWLResourcePolicy PSCommand_Write-CWLResourcePolicy PSCmdlet_Write-CWLRetentionPolicy PSCommand_Write-CWLRetentionPolicy PSCmdlet_Write-CWLSubscriptionFilter PSCommand_Write-CWLSubscriptionFilter PSIncludes_Cmdlet</S>
          <S N="developmentDependency">False</S>
          <S N="updated">2023-03-30T18:23:38Z</S>
          <S N="NormalizedVersion">4.1.286</S>
          <S N="Authors">Amazon.com Inc</S>
          <S N="IsPrerelease">false</S>
          <S N="ItemType">Module</S>
          <S N="FileList">AWS.Tools.CloudWatchLogs.nuspec|AWS.Tools.CloudWatchLogs.Aliases.psm1|AWS.Tools.CloudWatchLogs.Completers.psm1|AWS.Tools.CloudWatchLogs.dll|AWS.Tools.CloudWatchLogs.dll-Help.xml|AWS.Tools.CloudWatchLogs.Format.ps1xml|AWS.Tools.CloudWatchLogs.psd1|AWS.Tools.CloudWatchLogs.XML|AWSSDK.CloudWatchLogs.dll|LICENSE|NOTICE</S>
          <S N="GUID">32feef3c-061d-4e8c-84a7-9e28fd2a7f3c</S>
          <S N="PowerShellVersion">5.1</S>
          <S N="DotNetFrameworkVersion">4.7.2</S>
          <S N="CompanyName">Amazon.com, Inc</S>
        </MS>
      </Obj>
      <S N="InstalledLocation">C:\Users\jimm3037\AppData\Local\Temp\remove_inactive_accesskeys\Modules\AWS.Tools.CloudWatchLogs\4.1.286</S>
    </MS>
  </Obj>
</Objs>
