<Objs Version="1.1.0.1" xmlns="http://schemas.microsoft.com/powershell/2004/04">
  <Obj RefId="0">
    <TN RefId="0">
      <T>Microsoft.PowerShell.Commands.PSRepositoryItemInfo</T>
      <T>System.Management.Automation.PSCustomObject</T>
      <T>System.Object</T>
    </TN>
    <MS>
      <S N="Name">AWS.Tools.IdentityManagement</S>
      <S N="Version">4.1.240</S>
      <S N="Type">Module</S>
      <S N="Description">The IdentityManagement module of AWS Tools for PowerShell lets developers and administrators manage AWS Identity and Access Management from the PowerShell scripting environment. In order to manage each AWS service, install the corresponding module (e.g. AWS.Tools.EC2, AWS.Tools.S3...)._x000D__x000A_The module AWS.Tools.Installer (https://www.powershellgallery.com/packages/AWS.Tools.Installer/) makes it easier to install, update and uninstall the AWS.Tools modules._x000D__x000A_This version of AWS Tools for PowerShell is compatible with Windows PowerShell 5.1+ and PowerShell Core 6+ on Windows, Linux and macOS. When running on Windows PowerShell, .NET Framework 4.7.2 or newer is required. Alternative modules AWSPowerShell.NetCore and AWSPowerShell, provide support for all AWS services from a single module and also support older versions of Windows PowerShell and .NET Framework.</S>
      <S N="Author">Amazon.com Inc</S>
      <S N="CompanyName">aws-dotnet-sdk-team</S>
      <S N="Copyright">Copyright 2012-2022 Amazon.com, Inc. or its affiliates. All Rights Reserved.</S>
      <DT N="PublishedDate">2022-12-29T23:28:05-06:00</DT>
      <Nil N="InstalledDate" />
      <Nil N="UpdatedDate" />
      <URI N="LicenseUri">https://aws.amazon.com/apache-2-0/</URI>
      <URI N="ProjectUri">https://github.com/aws/aws-tools-for-powershell</URI>
      <URI N="IconUri">https://sdk-for-net.amazonwebservices.com/images/AWSLogo128x128.png</URI>
      <Obj N="Tags" RefId="1">
        <TN RefId="1">
          <T>System.Object[]</T>
          <T>System.Array</T>
          <T>System.Object</T>
        </TN>
        <LST>
          <S>AWS</S>
          <S>cloud</S>
          <S>Windows</S>
          <S>PSEdition_Desktop</S>
          <S>PSEdition_Core</S>
          <S>Linux</S>
          <S>MacOS</S>
          <S>Mac</S>
          <S>PSModule</S>
        </LST>
      </Obj>
      <Obj N="Includes" RefId="2">
        <TN RefId="2">
          <T>System.Collections.Hashtable</T>
          <T>System.Object</T>
        </TN>
        <DCT>
          <En>
            <S N="Key">RoleCapability</S>
            <Obj N="Value" RefId="3">
              <TNRef RefId="1" />
              <LST />
            </Obj>
          </En>
          <En>
            <S N="Key">Cmdlet</S>
            <Obj N="Value" RefId="4">
              <TNRef RefId="1" />
              <LST>
                <S>Add-IAMClientIDToOpenIDConnectProvider</S>
                <S>Add-IAMInstanceProfileTag</S>
                <S>Add-IAMMFADeviceTag</S>
                <S>Add-IAMOpenIDConnectProviderTag</S>
                <S>Add-IAMPolicyTag</S>
                <S>Add-IAMRoleTag</S>
                <S>Add-IAMRoleToInstanceProfile</S>
                <S>Add-IAMSAMLProviderTag</S>
                <S>Add-IAMServerCertificateTag</S>
                <S>Add-IAMUserTag</S>
                <S>Add-IAMUserToGroup</S>
                <S>Disable-IAMMFADevice</S>
                <S>Edit-IAMPassword</S>
                <S>Enable-IAMMFADevice</S>
                <S>Get-IAMAccessKey</S>
                <S>Get-IAMAccessKeyLastUsed</S>
                <S>Get-IAMAccountAlias</S>
                <S>Get-IAMAccountAuthorizationDetail</S>
                <S>Get-IAMAccountPasswordPolicy</S>
                <S>Get-IAMAccountSummary</S>
                <S>Get-IAMAttachedGroupPolicyList</S>
                <S>Get-IAMAttachedRolePolicyList</S>
                <S>Get-IAMAttachedUserPolicyList</S>
                <S>Get-IAMContextKeysForCustomPolicy</S>
                <S>Get-IAMContextKeysForPrincipalPolicy</S>
                <S>Get-IAMCredentialReport</S>
                <S>Get-IAMEntitiesForPolicy</S>
                <S>Get-IAMGroup</S>
                <S>Get-IAMGroupForUser</S>
                <S>Get-IAMGroupList</S>
                <S>Get-IAMGroupPolicy</S>
                <S>Get-IAMGroupPolicyList</S>
                <S>Get-IAMInstanceProfile</S>
                <S>Get-IAMInstanceProfileForRole</S>
                <S>Get-IAMInstanceProfileList</S>
                <S>Get-IAMInstanceProfileTagList</S>
                <S>Get-IAMLoginProfile</S>
                <S>Get-IAMMFADevice</S>
                <S>Get-IAMMFADeviceTagList</S>
                <S>Get-IAMOpenIDConnectProvider</S>
                <S>Get-IAMOpenIDConnectProviderList</S>
                <S>Get-IAMOpenIDConnectProviderTagList</S>
                <S>Get-IAMOrganizationsAccessReport</S>
                <S>Get-IAMPolicy</S>
                <S>Get-IAMPolicyGrantingServiceAccessList</S>
                <S>Get-IAMPolicyList</S>
                <S>Get-IAMPolicyTagList</S>
                <S>Get-IAMPolicyVersion</S>
                <S>Get-IAMPolicyVersionList</S>
                <S>Get-IAMRole</S>
                <S>Get-IAMRoleList</S>
                <S>Get-IAMRolePolicy</S>
                <S>Get-IAMRolePolicyList</S>
                <S>Get-IAMRoleTagList</S>
                <S>Get-IAMSAMLProvider</S>
                <S>Get-IAMSAMLProviderList</S>
                <S>Get-IAMSAMLProviderTagList</S>
                <S>Get-IAMServerCertificate</S>
                <S>Get-IAMServerCertificateList</S>
                <S>Get-IAMServerCertificateTagList</S>
                <S>Get-IAMServiceLastAccessedDetail</S>
                <S>Get-IAMServiceLastAccessedDetailWithEntity</S>
                <S>Get-IAMServiceLinkedRoleDeletionStatus</S>
                <S>Get-IAMServiceSpecificCredentialList</S>
                <S>Get-IAMSigningCertificate</S>
                <S>Get-IAMSSHPublicKey</S>
                <S>Get-IAMSSHPublicKeyList</S>
                <S>Get-IAMUser</S>
                <S>Get-IAMUserList</S>
                <S>Get-IAMUserPolicy</S>
                <S>Get-IAMUserPolicyList</S>
                <S>Get-IAMUserTagList</S>
                <S>Get-IAMVirtualMFADevice</S>
                <S>New-IAMAccessKey</S>
                <S>New-IAMAccountAlias</S>
                <S>New-IAMGroup</S>
                <S>New-IAMInstanceProfile</S>
                <S>New-IAMLoginProfile</S>
                <S>New-IAMOpenIDConnectProvider</S>
                <S>New-IAMOrganizationsAccessReport</S>
                <S>New-IAMPolicy</S>
                <S>New-IAMPolicyVersion</S>
                <S>New-IAMRole</S>
                <S>New-IAMSAMLProvider</S>
                <S>New-IAMServiceLinkedRole</S>
                <S>New-IAMServiceSpecificCredential</S>
                <S>New-IAMUser</S>
                <S>New-IAMVirtualMFADevice</S>
                <S>Publish-IAMServerCertificate</S>
                <S>Publish-IAMSigningCertificate</S>
                <S>Publish-IAMSSHPublicKey</S>
                <S>Register-IAMGroupPolicy</S>
                <S>Register-IAMRolePolicy</S>
                <S>Register-IAMUserPolicy</S>
                <S>Remove-IAMAccessKey</S>
                <S>Remove-IAMAccountAlias</S>
                <S>Remove-IAMAccountPasswordPolicy</S>
                <S>Remove-IAMClientIDFromOpenIDConnectProvider</S>
                <S>Remove-IAMGroup</S>
                <S>Remove-IAMGroupPolicy</S>
                <S>Remove-IAMInstanceProfile</S>
                <S>Remove-IAMInstanceProfileTag</S>
                <S>Remove-IAMLoginProfile</S>
                <S>Remove-IAMMFADeviceTag</S>
                <S>Remove-IAMOpenIDConnectProvider</S>
                <S>Remove-IAMOpenIDConnectProviderTag</S>
                <S>Remove-IAMPolicy</S>
                <S>Remove-IAMPolicyTag</S>
                <S>Remove-IAMPolicyVersion</S>
                <S>Remove-IAMRole</S>
                <S>Remove-IAMRoleFromInstanceProfile</S>
                <S>Remove-IAMRolePermissionsBoundary</S>
                <S>Remove-IAMRolePolicy</S>
                <S>Remove-IAMRoleTag</S>
                <S>Remove-IAMSAMLProvider</S>
                <S>Remove-IAMSAMLProviderTag</S>
                <S>Remove-IAMServerCertificate</S>
                <S>Remove-IAMServerCertificateTag</S>
                <S>Remove-IAMServiceLinkedRole</S>
                <S>Remove-IAMServiceSpecificCredential</S>
                <S>Remove-IAMSigningCertificate</S>
                <S>Remove-IAMSSHPublicKey</S>
                <S>Remove-IAMUser</S>
                <S>Remove-IAMUserFromGroup</S>
                <S>Remove-IAMUserPermissionsBoundary</S>
                <S>Remove-IAMUserPolicy</S>
                <S>Remove-IAMUserTag</S>
                <S>Remove-IAMVirtualMFADevice</S>
                <S>Request-IAMCredentialReport</S>
                <S>Request-IAMServiceLastAccessedDetail</S>
                <S>Reset-IAMServiceSpecificCredential</S>
                <S>Set-IAMDefaultPolicyVersion</S>
                <S>Set-IAMRolePermissionsBoundary</S>
                <S>Set-IAMSecurityTokenServicePreference</S>
                <S>Set-IAMUserPermissionsBoundary</S>
                <S>Sync-IAMMFADevice</S>
                <S>Test-IAMCustomPolicy</S>
                <S>Test-IAMPrincipalPolicy</S>
                <S>Unregister-IAMGroupPolicy</S>
                <S>Unregister-IAMRolePolicy</S>
                <S>Unregister-IAMUserPolicy</S>
                <S>Update-IAMAccessKey</S>
                <S>Update-IAMAccountPasswordPolicy</S>
                <S>Update-IAMAssumeRolePolicy</S>
                <S>Update-IAMGroup</S>
                <S>Update-IAMLoginProfile</S>
                <S>Update-IAMOpenIDConnectProviderThumbprint</S>
                <S>Update-IAMRole</S>
                <S>Update-IAMRoleDescription</S>
                <S>Update-IAMSAMLProvider</S>
                <S>Update-IAMServerCertificate</S>
                <S>Update-IAMServiceSpecificCredential</S>
                <S>Update-IAMSigningCertificate</S>
                <S>Update-IAMSSHPublicKey</S>
                <S>Update-IAMUser</S>
                <S>Write-IAMGroupPolicy</S>
                <S>Write-IAMRolePolicy</S>
                <S>Write-IAMUserPolicy</S>
              </LST>
            </Obj>
          </En>
          <En>
            <S N="Key">Workflow</S>
            <Ref N="Value" RefId="3" />
          </En>
          <En>
            <S N="Key">Function</S>
            <Ref N="Value" RefId="3" />
          </En>
          <En>
            <S N="Key">DscResource</S>
            <Ref N="Value" RefId="3" />
          </En>
          <En>
            <S N="Key">Command</S>
            <Obj N="Value" RefId="5">
              <TNRef RefId="1" />
              <LST>
                <S>Add-IAMClientIDToOpenIDConnectProvider</S>
                <S>Add-IAMInstanceProfileTag</S>
                <S>Add-IAMMFADeviceTag</S>
                <S>Add-IAMOpenIDConnectProviderTag</S>
                <S>Add-IAMPolicyTag</S>
                <S>Add-IAMRoleTag</S>
                <S>Add-IAMRoleToInstanceProfile</S>
                <S>Add-IAMSAMLProviderTag</S>
                <S>Add-IAMServerCertificateTag</S>
                <S>Add-IAMUserTag</S>
                <S>Add-IAMUserToGroup</S>
                <S>Disable-IAMMFADevice</S>
                <S>Edit-IAMPassword</S>
                <S>Enable-IAMMFADevice</S>
                <S>Get-IAMAccessKey</S>
                <S>Get-IAMAccessKeyLastUsed</S>
                <S>Get-IAMAccountAlias</S>
                <S>Get-IAMAccountAuthorizationDetail</S>
                <S>Get-IAMAccountPasswordPolicy</S>
                <S>Get-IAMAccountSummary</S>
                <S>Get-IAMAttachedGroupPolicyList</S>
                <S>Get-IAMAttachedRolePolicyList</S>
                <S>Get-IAMAttachedUserPolicyList</S>
                <S>Get-IAMContextKeysForCustomPolicy</S>
                <S>Get-IAMContextKeysForPrincipalPolicy</S>
                <S>Get-IAMCredentialReport</S>
                <S>Get-IAMEntitiesForPolicy</S>
                <S>Get-IAMGroup</S>
                <S>Get-IAMGroupForUser</S>
                <S>Get-IAMGroupList</S>
                <S>Get-IAMGroupPolicy</S>
                <S>Get-IAMGroupPolicyList</S>
                <S>Get-IAMInstanceProfile</S>
                <S>Get-IAMInstanceProfileForRole</S>
                <S>Get-IAMInstanceProfileList</S>
                <S>Get-IAMInstanceProfileTagList</S>
                <S>Get-IAMLoginProfile</S>
                <S>Get-IAMMFADevice</S>
                <S>Get-IAMMFADeviceTagList</S>
                <S>Get-IAMOpenIDConnectProvider</S>
                <S>Get-IAMOpenIDConnectProviderList</S>
                <S>Get-IAMOpenIDConnectProviderTagList</S>
                <S>Get-IAMOrganizationsAccessReport</S>
                <S>Get-IAMPolicy</S>
                <S>Get-IAMPolicyGrantingServiceAccessList</S>
                <S>Get-IAMPolicyList</S>
                <S>Get-IAMPolicyTagList</S>
                <S>Get-IAMPolicyVersion</S>
                <S>Get-IAMPolicyVersionList</S>
                <S>Get-IAMRole</S>
                <S>Get-IAMRoleList</S>
                <S>Get-IAMRolePolicy</S>
                <S>Get-IAMRolePolicyList</S>
                <S>Get-IAMRoleTagList</S>
                <S>Get-IAMSAMLProvider</S>
                <S>Get-IAMSAMLProviderList</S>
                <S>Get-IAMSAMLProviderTagList</S>
                <S>Get-IAMServerCertificate</S>
                <S>Get-IAMServerCertificateList</S>
                <S>Get-IAMServerCertificateTagList</S>
                <S>Get-IAMServiceLastAccessedDetail</S>
                <S>Get-IAMServiceLastAccessedDetailWithEntity</S>
                <S>Get-IAMServiceLinkedRoleDeletionStatus</S>
                <S>Get-IAMServiceSpecificCredentialList</S>
                <S>Get-IAMSigningCertificate</S>
                <S>Get-IAMSSHPublicKey</S>
                <S>Get-IAMSSHPublicKeyList</S>
                <S>Get-IAMUser</S>
                <S>Get-IAMUserList</S>
                <S>Get-IAMUserPolicy</S>
                <S>Get-IAMUserPolicyList</S>
                <S>Get-IAMUserTagList</S>
                <S>Get-IAMVirtualMFADevice</S>
                <S>New-IAMAccessKey</S>
                <S>New-IAMAccountAlias</S>
                <S>New-IAMGroup</S>
                <S>New-IAMInstanceProfile</S>
                <S>New-IAMLoginProfile</S>
                <S>New-IAMOpenIDConnectProvider</S>
                <S>New-IAMOrganizationsAccessReport</S>
                <S>New-IAMPolicy</S>
                <S>New-IAMPolicyVersion</S>
                <S>New-IAMRole</S>
                <S>New-IAMSAMLProvider</S>
                <S>New-IAMServiceLinkedRole</S>
                <S>New-IAMServiceSpecificCredential</S>
                <S>New-IAMUser</S>
                <S>New-IAMVirtualMFADevice</S>
                <S>Publish-IAMServerCertificate</S>
                <S>Publish-IAMSigningCertificate</S>
                <S>Publish-IAMSSHPublicKey</S>
                <S>Register-IAMGroupPolicy</S>
                <S>Register-IAMRolePolicy</S>
                <S>Register-IAMUserPolicy</S>
                <S>Remove-IAMAccessKey</S>
                <S>Remove-IAMAccountAlias</S>
                <S>Remove-IAMAccountPasswordPolicy</S>
                <S>Remove-IAMClientIDFromOpenIDConnectProvider</S>
                <S>Remove-IAMGroup</S>
                <S>Remove-IAMGroupPolicy</S>
                <S>Remove-IAMInstanceProfile</S>
                <S>Remove-IAMInstanceProfileTag</S>
                <S>Remove-IAMLoginProfile</S>
                <S>Remove-IAMMFADeviceTag</S>
                <S>Remove-IAMOpenIDConnectProvider</S>
                <S>Remove-IAMOpenIDConnectProviderTag</S>
                <S>Remove-IAMPolicy</S>
                <S>Remove-IAMPolicyTag</S>
                <S>Remove-IAMPolicyVersion</S>
                <S>Remove-IAMRole</S>
                <S>Remove-IAMRoleFromInstanceProfile</S>
                <S>Remove-IAMRolePermissionsBoundary</S>
                <S>Remove-IAMRolePolicy</S>
                <S>Remove-IAMRoleTag</S>
                <S>Remove-IAMSAMLProvider</S>
                <S>Remove-IAMSAMLProviderTag</S>
                <S>Remove-IAMServerCertificate</S>
                <S>Remove-IAMServerCertificateTag</S>
                <S>Remove-IAMServiceLinkedRole</S>
                <S>Remove-IAMServiceSpecificCredential</S>
                <S>Remove-IAMSigningCertificate</S>
                <S>Remove-IAMSSHPublicKey</S>
                <S>Remove-IAMUser</S>
                <S>Remove-IAMUserFromGroup</S>
                <S>Remove-IAMUserPermissionsBoundary</S>
                <S>Remove-IAMUserPolicy</S>
                <S>Remove-IAMUserTag</S>
                <S>Remove-IAMVirtualMFADevice</S>
                <S>Request-IAMCredentialReport</S>
                <S>Request-IAMServiceLastAccessedDetail</S>
                <S>Reset-IAMServiceSpecificCredential</S>
                <S>Set-IAMDefaultPolicyVersion</S>
                <S>Set-IAMRolePermissionsBoundary</S>
                <S>Set-IAMSecurityTokenServicePreference</S>
                <S>Set-IAMUserPermissionsBoundary</S>
                <S>Sync-IAMMFADevice</S>
                <S>Test-IAMCustomPolicy</S>
                <S>Test-IAMPrincipalPolicy</S>
                <S>Unregister-IAMGroupPolicy</S>
                <S>Unregister-IAMRolePolicy</S>
                <S>Unregister-IAMUserPolicy</S>
                <S>Update-IAMAccessKey</S>
                <S>Update-IAMAccountPasswordPolicy</S>
                <S>Update-IAMAssumeRolePolicy</S>
                <S>Update-IAMGroup</S>
                <S>Update-IAMLoginProfile</S>
                <S>Update-IAMOpenIDConnectProviderThumbprint</S>
                <S>Update-IAMRole</S>
                <S>Update-IAMRoleDescription</S>
                <S>Update-IAMSAMLProvider</S>
                <S>Update-IAMServerCertificate</S>
                <S>Update-IAMServiceSpecificCredential</S>
                <S>Update-IAMSigningCertificate</S>
                <S>Update-IAMSSHPublicKey</S>
                <S>Update-IAMUser</S>
                <S>Write-IAMGroupPolicy</S>
                <S>Write-IAMRolePolicy</S>
                <S>Write-IAMUserPolicy</S>
              </LST>
            </Obj>
          </En>
        </DCT>
      </Obj>
      <Nil N="PowerShellGetFormatVersion" />
      <S N="ReleaseNotes">https://github.com/aws/aws-tools-for-powershell/blob/master/CHANGELOG.md</S>
      <Obj N="Dependencies" RefId="6">
        <TNRef RefId="1" />
        <LST>
          <Obj RefId="7">
            <TN RefId="3">
              <T>System.Collections.Specialized.OrderedDictionary</T>
              <T>System.Object</T>
            </TN>
            <DCT>
              <En>
                <S N="Key">Name</S>
                <S N="Value">AWS.Tools.Common</S>
              </En>
              <En>
                <S N="Key">RequiredVersion</S>
                <S N="Value">4.1.240</S>
              </En>
              <En>
                <S N="Key">CanonicalId</S>
                <S N="Value">nuget:AWS.Tools.Common/[4.1.240]</S>
              </En>
            </DCT>
          </Obj>
        </LST>
      </Obj>
      <S N="RepositorySourceLocation">https://www.powershellgallery.com/api/v2</S>
      <S N="Repository">PSGallery</S>
      <S N="PackageManagementProvider">NuGet</S>
      <Obj N="AdditionalMetadata" RefId="8">
        <TN RefId="4">
          <T>System.Management.Automation.PSCustomObject</T>
          <T>System.Object</T>
        </TN>
        <MS>
          <S N="copyright">Copyright 2012-2022 Amazon.com, Inc. or its affiliates. All Rights Reserved.</S>
          <S N="description">The IdentityManagement module of AWS Tools for PowerShell lets developers and administrators manage AWS Identity and Access Management from the PowerShell scripting environment. In order to manage each AWS service, install the corresponding module (e.g. AWS.Tools.EC2, AWS.Tools.S3...)._x000D__x000A_The module AWS.Tools.Installer (https://www.powershellgallery.com/packages/AWS.Tools.Installer/) makes it easier to install, update and uninstall the AWS.Tools modules._x000D__x000A_This version of AWS Tools for PowerShell is compatible with Windows PowerShell 5.1+ and PowerShell Core 6+ on Windows, Linux and macOS. When running on Windows PowerShell, .NET Framework 4.7.2 or newer is required. Alternative modules AWSPowerShell.NetCore and AWSPowerShell, provide support for all AWS services from a single module and also support older versions of Windows PowerShell and .NET Framework.</S>
          <S N="requireLicenseAcceptance">False</S>
          <S N="releaseNotes">https://github.com/aws/aws-tools-for-powershell/blob/master/CHANGELOG.md</S>
          <S N="isLatestVersion">False</S>
          <S N="isAbsoluteLatestVersion">False</S>
          <S N="versionDownloadCount">140</S>
          <S N="downloadCount">587532</S>
          <S N="packageSize">613976</S>
          <S N="published">12/29/2022 11:28:05 PM -06:00</S>
          <S N="created">12/29/2022 11:28:05 PM -06:00</S>
          <S N="lastUpdated">1/31/2023 1:24:34 AM -06:00</S>
          <S N="tags">AWS cloud Windows PSEdition_Desktop PSEdition_Core Linux MacOS Mac PSModule PSCmdlet_Add-IAMClientIDToOpenIDConnectProvider PSCommand_Add-IAMClientIDToOpenIDConnectProvider PSCmdlet_Add-IAMInstanceProfileTag PSCommand_Add-IAMInstanceProfileTag PSCmdlet_Add-IAMMFADeviceTag PSCommand_Add-IAMMFADeviceTag PSCmdlet_Add-IAMOpenIDConnectProviderTag PSCommand_Add-IAMOpenIDConnectProviderTag PSCmdlet_Add-IAMPolicyTag PSCommand_Add-IAMPolicyTag PSCmdlet_Add-IAMRoleTag PSCommand_Add-IAMRoleTag PSCmdlet_Add-IAMRoleToInstanceProfile PSCommand_Add-IAMRoleToInstanceProfile PSCmdlet_Add-IAMSAMLProviderTag PSCommand_Add-IAMSAMLProviderTag PSCmdlet_Add-IAMServerCertificateTag PSCommand_Add-IAMServerCertificateTag PSCmdlet_Add-IAMUserTag PSCommand_Add-IAMUserTag PSCmdlet_Add-IAMUserToGroup PSCommand_Add-IAMUserToGroup PSCmdlet_Disable-IAMMFADevice PSCommand_Disable-IAMMFADevice PSCmdlet_Edit-IAMPassword PSCommand_Edit-IAMPassword PSCmdlet_Enable-IAMMFADevice PSCommand_Enable-IAMMFADevice PSCmdlet_Get-IAMAccessKey PSCommand_Get-IAMAccessKey PSCmdlet_Get-IAMAccessKeyLastUsed PSCommand_Get-IAMAccessKeyLastUsed PSCmdlet_Get-IAMAccountAlias PSCommand_Get-IAMAccountAlias PSCmdlet_Get-IAMAccountAuthorizationDetail PSCommand_Get-IAMAccountAuthorizationDetail PSCmdlet_Get-IAMAccountPasswordPolicy PSCommand_Get-IAMAccountPasswordPolicy PSCmdlet_Get-IAMAccountSummary PSCommand_Get-IAMAccountSummary PSCmdlet_Get-IAMAttachedGroupPolicyList PSCommand_Get-IAMAttachedGroupPolicyList PSCmdlet_Get-IAMAttachedRolePolicyList PSCommand_Get-IAMAttachedRolePolicyList PSCmdlet_Get-IAMAttachedUserPolicyList PSCommand_Get-IAMAttachedUserPolicyList PSCmdlet_Get-IAMContextKeysForCustomPolicy PSCommand_Get-IAMContextKeysForCustomPolicy PSCmdlet_Get-IAMContextKeysForPrincipalPolicy PSCommand_Get-IAMContextKeysForPrincipalPolicy PSCmdlet_Get-IAMCredentialReport PSCommand_Get-IAMCredentialReport PSCmdlet_Get-IAMEntitiesForPolicy PSCommand_Get-IAMEntitiesForPolicy PSCmdlet_Get-IAMGroup PSCommand_Get-IAMGroup PSCmdlet_Get-IAMGroupForUser PSCommand_Get-IAMGroupForUser PSCmdlet_Get-IAMGroupList PSCommand_Get-IAMGroupList PSCmdlet_Get-IAMGroupPolicy PSCommand_Get-IAMGroupPolicy PSCmdlet_Get-IAMGroupPolicyList PSCommand_Get-IAMGroupPolicyList PSCmdlet_Get-IAMInstanceProfile PSCommand_Get-IAMInstanceProfile PSCmdlet_Get-IAMInstanceProfileForRole PSCommand_Get-IAMInstanceProfileForRole PSCmdlet_Get-IAMInstanceProfileList PSCommand_Get-IAMInstanceProfileList PSCmdlet_Get-IAMInstanceProfileTagList PSCommand_Get-IAMInstanceProfileTagList PSCmdlet_Get-IAMLoginProfile PSCommand_Get-IAMLoginProfile PSCmdlet_Get-IAMMFADevice PSCommand_Get-IAMMFADevice PSCmdlet_Get-IAMMFADeviceTagList PSCommand_Get-IAMMFADeviceTagList PSCmdlet_Get-IAMOpenIDConnectProvider PSCommand_Get-IAMOpenIDConnectProvider PSCmdlet_Get-IAMOpenIDConnectProviderList PSCommand_Get-IAMOpenIDConnectProviderList PSCmdlet_Get-IAMOpenIDConnectProviderTagList PSCommand_Get-IAMOpenIDConnectProviderTagList PSCmdlet_Get-IAMOrganizationsAccessReport PSCommand_Get-IAMOrganizationsAccessReport PSCmdlet_Get-IAMPolicy PSCommand_Get-IAMPolicy PSCmdlet_Get-IAMPolicyGrantingServiceAccessList PSCommand_Get-IAMPolicyGrantingServiceAccessList PSCmdlet_Get-IAMPolicyList PSCommand_Get-IAMPolicyList PSCmdlet_Get-IAMPolicyTagList PSCommand_Get-IAMPolicyTagList PSCmdlet_Get-IAMPolicyVersion PSCommand_Get-IAMPolicyVersion PSCmdlet_Get-IAMPolicyVersionList PSCommand_Get-IAMPolicyVersionList PSCmdlet_Get-IAMRole PSCommand_Get-IAMRole PSCmdlet_Get-IAMRoleList PSCommand_Get-IAMRoleList PSCmdlet_Get-IAMRolePolicy PSCommand_Get-IAMRolePolicy PSCmdlet_Get-IAMRolePolicyList PSCommand_Get-IAMRolePolicyList PSCmdlet_Get-IAMRoleTagList PSCommand_Get-IAMRoleTagList PSCmdlet_Get-IAMSAMLProvider PSCommand_Get-IAMSAMLProvider PSCmdlet_Get-IAMSAMLProviderList PSCommand_Get-IAMSAMLProviderList PSCmdlet_Get-IAMSAMLProviderTagList PSCommand_Get-IAMSAMLProviderTagList PSCmdlet_Get-IAMServerCertificate PSCommand_Get-IAMServerCertificate PSCmdlet_Get-IAMServerCertificateList PSCommand_Get-IAMServerCertificateList PSCmdlet_Get-IAMServerCertificateTagList PSCommand_Get-IAMServerCertificateTagList PSCmdlet_Get-IAMServiceLastAccessedDetail PSCommand_Get-IAMServiceLastAccessedDetail PSCmdlet_Get-IAMServiceLastAccessedDetailWithEntity PSCommand_Get-IAMServiceLastAccessedDetailWithEntity PSCmdlet_Get-IAMServiceLinkedRoleDeletionStatus PSCommand_Get-IAMServiceLinkedRoleDeletionStatus PSCmdlet_Get-IAMServiceSpecificCredentialList PSCommand_Get-IAMServiceSpecificCredentialList PSCmdlet_Get-IAMSigningCertificate PSCommand_Get-IAMSigningCertificate PSCmdlet_Get-IAMSSHPublicKey PSCommand_Get-IAMSSHPublicKey PSCmdlet_Get-IAMSSHPublicKeyList PSCommand_Get-IAMSSHPublicKeyList PSCmdlet_Get-IAMUser PSCommand_Get-IAMUser PSCmdlet_Get-IAMUserList PSCommand_Get-IAMUserList PSCmdlet_Get-IAMUserPolicy PSCommand_Get-IAMUserPolicy PSCmdlet_Get-IAMUserPolicyList PSCommand_Get-IAMUserPolicyList PSCmdlet_Get-IAMUserTagList PSCommand_Get-IAMUserTagList PSCmdlet_Get-IAMVirtualMFADevice PSCommand_Get-IAMVirtualMFADevice PSCmdlet_New-IAMAccessKey PSCommand_New-IAMAccessKey PSCmdlet_New-IAMAccountAlias PSCommand_New-IAMAccountAlias PSCmdlet_New-IAMGroup PSCommand_New-IAMGroup PSCmdlet_New-IAMInstanceProfile PSCommand_New-IAMInstanceProfile PSCmdlet_New-IAMLoginProfile PSCommand_New-IAMLoginProfile PSCmdlet_New-IAMOpenIDConnectProvider PSCommand_New-IAMOpenIDConnectProvider PSCmdlet_New-IAMOrganizationsAccessReport PSCommand_New-IAMOrganizationsAccessReport PSCmdlet_New-IAMPolicy PSCommand_New-IAMPolicy PSCmdlet_New-IAMPolicyVersion PSCommand_New-IAMPolicyVersion PSCmdlet_New-IAMRole PSCommand_New-IAMRole PSCmdlet_New-IAMSAMLProvider PSCommand_New-IAMSAMLProvider PSCmdlet_New-IAMServiceLinkedRole PSCommand_New-IAMServiceLinkedRole PSCmdlet_New-IAMServiceSpecificCredential PSCommand_New-IAMServiceSpecificCredential PSCmdlet_New-IAMUser PSCommand_New-IAMUser PSCmdlet_New-IAMVirtualMFADevice PSCommand_New-IAMVirtualMFADevice PSCmdlet_Publish-IAMServerCertificate PSCommand_Publish-IAMServerCertificate PSCmdlet_Publish-IAMSigningCertificate PSCommand_Publish-IAMSigningCertificate PSCmdlet_Publish-IAMSSHPublicKey PSCommand_Publish-IAMSSHPublicKey PSCmdlet_Register-IAMGroupPolicy PSCommand_Register-IAMGroupPolicy PSCmdlet_Register-IAMRolePolicy PSCommand_Register-IAMRolePolicy PSCmdlet_Register-IAMUserPolicy PSCommand_Register-IAMUserPolicy PSCmdlet_Remove-IAMAccessKey PSCommand_Remove-IAMAccessKey PSCmdlet_Remove-IAMAccountAlias PSCommand_Remove-IAMAccountAlias PSCmdlet_Remove-IAMAccountPasswordPolicy PSCommand_Remove-IAMAccountPasswordPolicy PSCmdlet_Remove-IAMClientIDFromOpenIDConnectProvider PSCommand_Remove-IAMClientIDFromOpenIDConnectProvider PSCmdlet_Remove-IAMGroup PSCommand_Remove-IAMGroup PSCmdlet_Remove-IAMGroupPolicy PSCommand_Remove-IAMGroupPolicy PSCmdlet_Remove-IAMInstanceProfile PSCommand_Remove-IAMInstanceProfile PSCmdlet_Remove-IAMInstanceProfileTag PSCommand_Remove-IAMInstanceProfileTag PSCmdlet_Remove-IAMLoginProfile PSCommand_Remove-IAMLoginProfile PSCmdlet_Remove-IAMMFADeviceTag PSCommand_Remove-IAMMFADeviceTag PSCmdlet_Remove-IAMOpenIDConnectProvider PSCommand_Remove-IAMOpenIDConnectProvider PSCmdlet_Remove-IAMOpenIDConnectProviderTag PSCommand_Remove-IAMOpenIDConnectProviderTag PSCmdlet_Remove-IAMPolicy PSCommand_Remove-IAMPolicy PSCmdlet_Remove-IAMPolicyTag PSCommand_Remove-IAMPolicyTag PSCmdlet_Remove-IAMPolicyVersion PSCommand_Remove-IAMPolicyVersion PSCmdlet_Remove-IAMRole PSCommand_Remove-IAMRole PSCmdlet_Remove-IAMRoleFromInstanceProfile PSCommand_Remove-IAMRoleFromInstanceProfile PSCmdlet_Remove-IAMRolePermissionsBoundary PSCommand_Remove-IAMRolePermissionsBoundary PSCmdlet_Remove-IAMRolePolicy PSCommand_Remove-IAMRolePolicy PSCmdlet_Remove-IAMRoleTag PSCommand_Remove-IAMRoleTag PSCmdlet_Remove-IAMSAMLProvider PSCommand_Remove-IAMSAMLProvider PSCmdlet_Remove-IAMSAMLProviderTag PSCommand_Remove-IAMSAMLProviderTag PSCmdlet_Remove-IAMServerCertificate PSCommand_Remove-IAMServerCertificate PSCmdlet_Remove-IAMServerCertificateTag PSCommand_Remove-IAMServerCertificateTag PSCmdlet_Remove-IAMServiceLinkedRole PSCommand_Remove-IAMServiceLinkedRole PSCmdlet_Remove-IAMServiceSpecificCredential PSCommand_Remove-IAMServiceSpecificCredential PSCmdlet_Remove-IAMSigningCertificate PSCommand_Remove-IAMSigningCertificate PSCmdlet_Remove-IAMSSHPublicKey PSCommand_Remove-IAMSSHPublicKey PSCmdlet_Remove-IAMUser PSCommand_Remove-IAMUser PSCmdlet_Remove-IAMUserFromGroup PSCommand_Remove-IAMUserFromGroup PSCmdlet_Remove-IAMUserPermissionsBoundary PSCommand_Remove-IAMUserPermissionsBoundary PSCmdlet_Remove-IAMUserPolicy PSCommand_Remove-IAMUserPolicy PSCmdlet_Remove-IAMUserTag PSCommand_Remove-IAMUserTag PSCmdlet_Remove-IAMVirtualMFADevice PSCommand_Remove-IAMVirtualMFADevice PSCmdlet_Request-IAMCredentialReport PSCommand_Request-IAMCredentialReport PSCmdlet_Request-IAMServiceLastAccessedDetail PSCommand_Request-IAMServiceLastAccessedDetail PSCmdlet_Reset-IAMServiceSpecificCredential PSCommand_Reset-IAMServiceSpecificCredential PSCmdlet_Set-IAMDefaultPolicyVersion PSCommand_Set-IAMDefaultPolicyVersion PSCmdlet_Set-IAMRolePermissionsBoundary PSCommand_Set-IAMRolePermissionsBoundary PSCmdlet_Set-IAMSecurityTokenServicePreference PSCommand_Set-IAMSecurityTokenServicePreference PSCmdlet_Set-IAMUserPermissionsBoundary PSCommand_Set-IAMUserPermissionsBoundary PSCmdlet_Sync-IAMMFADevice PSCommand_Sync-IAMMFADevice PSCmdlet_Test-IAMCustomPolicy PSCommand_Test-IAMCustomPolicy PSCmdlet_Test-IAMPrincipalPolicy PSCommand_Test-IAMPrincipalPolicy PSCmdlet_Unregister-IAMGroupPolicy PSCommand_Unregister-IAMGroupPolicy PSCmdlet_Unregister-IAMRolePolicy PSCommand_Unregister-IAMRolePolicy PSCmdlet_Unregister-IAMUserPolicy PSCommand_Unregister-IAMUserPolicy PSCmdlet_Update-IAMAccessKey PSCommand_Update-IAMAccessKey PSCmdlet_Update-IAMAccountPasswordPolicy PSCommand_Update-IAMAccountPasswordPolicy PSCmdlet_Update-IAMAssumeRolePolicy PSCommand_Update-IAMAssumeRolePolicy PSCmdlet_Update-IAMGroup PSCommand_Update-IAMGroup PSCmdlet_Update-IAMLoginProfile PSCommand_Update-IAMLoginProfile PSCmdlet_Update-IAMOpenIDConnectProviderThumbprint PSCommand_Update-IAMOpenIDConnectProviderThumbprint PSCmdlet_Update-IAMRole PSCommand_Update-IAMRole PSCmdlet_Update-IAMRoleDescription PSCommand_Update-IAMRoleDescription PSCmdlet_Update-IAMSAMLProvider PSCommand_Update-IAMSAMLProvider PSCmdlet_Update-IAMServerCertificate PSCommand_Update-IAMServerCertificate PSCmdlet_Update-IAMServiceSpecificCredential PSCommand_Update-IAMServiceSpecificCredential PSCmdlet_Update-IAMSigningCertificate PSCommand_Update-IAMSigningCertificate PSCmdlet_Update-IAMSSHPublicKey PSCommand_Update-IAMSSHPublicKey PSCmdlet_Update-IAMUser PSCommand_Update-IAMUser PSCmdlet_Write-IAMGroupPolicy PSCommand_Write-IAMGroupPolicy PSCmdlet_Write-IAMRolePolicy PSCommand_Write-IAMRolePolicy PSCmdlet_Write-IAMUserPolicy PSCommand_Write-IAMUserPolicy PSIncludes_Cmdlet</S>
          <S N="developmentDependency">False</S>
          <S N="updated">2023-01-31T01:24:34Z</S>
          <S N="NormalizedVersion">4.1.240</S>
          <S N="Authors">Amazon.com Inc</S>
          <S N="IsPrerelease">false</S>
          <S N="ItemType">Module</S>
          <S N="FileList">AWS.Tools.IdentityManagement.nuspec|AWS.Tools.IdentityManagement.Aliases.psm1|AWS.Tools.IdentityManagement.Completers.psm1|AWS.Tools.IdentityManagement.dll|AWS.Tools.IdentityManagement.dll-Help.xml|AWS.Tools.IdentityManagement.Format.ps1xml|AWS.Tools.IdentityManagement.psd1|AWS.Tools.IdentityManagement.XML|AWSSDK.IdentityManagement.dll|LICENSE|NOTICE</S>
          <S N="GUID">1748b4bc-1117-4cfb-9b5e-b80026f1b165</S>
          <S N="PowerShellVersion">5.1</S>
          <S N="DotNetFrameworkVersion">4.7.2</S>
          <S N="CompanyName">Amazon.com, Inc</S>
        </MS>
      </Obj>
      <S N="InstalledLocation">C:\Users\jimm3037\AppData\Local\Temp\remove_inactive_accesskeys\Modules\AWS.Tools.IdentityManagement\4.1.240</S>
    </MS>
  </Obj>
</Objs>
