<Objs Version="1.1.0.1" xmlns="http://schemas.microsoft.com/powershell/2004/04">
  <Obj RefId="0">
    <TN RefId="0">
      <T>Microsoft.PowerShell.Commands.PSRepositoryItemInfo</T>
      <T>System.Management.Automation.PSCustomObject</T>
      <T>System.Object</T>
    </TN>
    <MS>
      <S N="Name">AWS.Tools.SimpleNotificationService</S>
      <S N="Version">4.1.286</S>
      <S N="Type">Module</S>
      <S N="Description">The SimpleNotificationService module of AWS Tools for PowerShell lets developers and administrators manage Amazon Simple Notification Service (SNS) from the PowerShell scripting environment. In order to manage each AWS service, install the corresponding module (e.g. AWS.Tools.EC2, AWS.Tools.S3...)._x000D__x000A_The module AWS.Tools.Installer (https://www.powershellgallery.com/packages/AWS.Tools.Installer/) makes it easier to install, update and uninstall the AWS.Tools modules._x000D__x000A_This version of AWS Tools for PowerShell is compatible with Windows PowerShell 5.1+ and PowerShell Core 6+ on Windows, Linux and macOS. When running on Windows PowerShell, .NET Framework 4.7.2 or newer is required. Alternative modules AWSPowerShell.NetCore and AWSPowerShell, provide support for all AWS services from a single module and also support older versions of Windows PowerShell and .NET Framework.</S>
      <S N="Author">Amazon.com Inc</S>
      <S N="CompanyName">aws-dotnet-sdk-team</S>
      <S N="Copyright">Copyright 2012-2023 Amazon.com, Inc. or its affiliates. All Rights Reserved.</S>
      <DT N="PublishedDate">2023-03-07T23:32:41-06:00</DT>
      <Nil N="InstalledDate" />
      <Nil N="UpdatedDate" />
      <URI N="LicenseUri">https://aws.amazon.com/apache-2-0/</URI>
      <URI N="ProjectUri">https://github.com/aws/aws-tools-for-powershell</URI>
      <URI N="IconUri">https://sdk-for-net.amazonwebservices.com/images/AWSLogo128x128.png</URI>
      <Obj N="Tags" RefId="1">
        <TN RefId="1">
          <T>System.Object[]</T>
          <T>System.Array</T>
          <T>System.Object</T>
        </TN>
        <LST>
          <S>AWS</S>
          <S>cloud</S>
          <S>Windows</S>
          <S>PSEdition_Desktop</S>
          <S>PSEdition_Core</S>
          <S>Linux</S>
          <S>MacOS</S>
          <S>Mac</S>
          <S>PSModule</S>
        </LST>
      </Obj>
      <Obj N="Includes" RefId="2">
        <TN RefId="2">
          <T>System.Collections.Hashtable</T>
          <T>System.Object</T>
        </TN>
        <DCT>
          <En>
            <S N="Key">RoleCapability</S>
            <Obj N="Value" RefId="3">
              <TNRef RefId="1" />
              <LST />
            </Obj>
          </En>
          <En>
            <S N="Key">Function</S>
            <Ref N="Value" RefId="3" />
          </En>
          <En>
            <S N="Key">Cmdlet</S>
            <Obj N="Value" RefId="4">
              <TNRef RefId="1" />
              <LST>
                <S>Add-SNSPermission</S>
                <S>Add-SNSResourceTag</S>
                <S>Confirm-SNSSMSSandboxPhoneNumber</S>
                <S>Confirm-SNSSubscription</S>
                <S>Connect-SNSNotification</S>
                <S>Disconnect-SNSNotification</S>
                <S>Enable-SNSPhoneNumber</S>
                <S>Get-SNSDataProtectionPolicy</S>
                <S>Get-SNSEndpointAttribute</S>
                <S>Get-SNSEndpointsByPlatformApplication</S>
                <S>Get-SNSOriginationNumber</S>
                <S>Get-SNSPhoneNumbersOptedOut</S>
                <S>Get-SNSPlatformApplicationAttribute</S>
                <S>Get-SNSPlatformApplicationList</S>
                <S>Get-SNSResourceTag</S>
                <S>Get-SNSSMSAttribute</S>
                <S>Get-SNSSMSSandboxAccountStatus</S>
                <S>Get-SNSSMSSandboxPhoneNumber</S>
                <S>Get-SNSSubscription</S>
                <S>Get-SNSSubscriptionAttribute</S>
                <S>Get-SNSSubscriptionByTopic</S>
                <S>Get-SNSTopic</S>
                <S>Get-SNSTopicAttribute</S>
                <S>New-SNSPlatformApplication</S>
                <S>New-SNSPlatformEndpoint</S>
                <S>New-SNSSMSSandboxPhoneNumber</S>
                <S>New-SNSTopic</S>
                <S>Publish-SNSBatch</S>
                <S>Publish-SNSMessage</S>
                <S>Remove-SNSEndpoint</S>
                <S>Remove-SNSPermission</S>
                <S>Remove-SNSPlatformApplication</S>
                <S>Remove-SNSResourceTag</S>
                <S>Remove-SNSSMSSandboxPhoneNumber</S>
                <S>Remove-SNSTopic</S>
                <S>Set-SNSDataProtectionPolicy</S>
                <S>Set-SNSEndpointAttribute</S>
                <S>Set-SNSPlatformApplicationAttribute</S>
                <S>Set-SNSSMSAttribute</S>
                <S>Set-SNSSubscriptionAttribute</S>
                <S>Set-SNSTopicAttribute</S>
                <S>Test-SNSIfPhoneNumberIsOptedOut</S>
              </LST>
            </Obj>
          </En>
          <En>
            <S N="Key">Workflow</S>
            <Ref N="Value" RefId="3" />
          </En>
          <En>
            <S N="Key">Command</S>
            <Obj N="Value" RefId="5">
              <TNRef RefId="1" />
              <LST>
                <S>Add-SNSPermission</S>
                <S>Add-SNSResourceTag</S>
                <S>Confirm-SNSSMSSandboxPhoneNumber</S>
                <S>Confirm-SNSSubscription</S>
                <S>Connect-SNSNotification</S>
                <S>Disconnect-SNSNotification</S>
                <S>Enable-SNSPhoneNumber</S>
                <S>Get-SNSDataProtectionPolicy</S>
                <S>Get-SNSEndpointAttribute</S>
                <S>Get-SNSEndpointsByPlatformApplication</S>
                <S>Get-SNSOriginationNumber</S>
                <S>Get-SNSPhoneNumbersOptedOut</S>
                <S>Get-SNSPlatformApplicationAttribute</S>
                <S>Get-SNSPlatformApplicationList</S>
                <S>Get-SNSResourceTag</S>
                <S>Get-SNSSMSAttribute</S>
                <S>Get-SNSSMSSandboxAccountStatus</S>
                <S>Get-SNSSMSSandboxPhoneNumber</S>
                <S>Get-SNSSubscription</S>
                <S>Get-SNSSubscriptionAttribute</S>
                <S>Get-SNSSubscriptionByTopic</S>
                <S>Get-SNSTopic</S>
                <S>Get-SNSTopicAttribute</S>
                <S>New-SNSPlatformApplication</S>
                <S>New-SNSPlatformEndpoint</S>
                <S>New-SNSSMSSandboxPhoneNumber</S>
                <S>New-SNSTopic</S>
                <S>Publish-SNSBatch</S>
                <S>Publish-SNSMessage</S>
                <S>Remove-SNSEndpoint</S>
                <S>Remove-SNSPermission</S>
                <S>Remove-SNSPlatformApplication</S>
                <S>Remove-SNSResourceTag</S>
                <S>Remove-SNSSMSSandboxPhoneNumber</S>
                <S>Remove-SNSTopic</S>
                <S>Set-SNSDataProtectionPolicy</S>
                <S>Set-SNSEndpointAttribute</S>
                <S>Set-SNSPlatformApplicationAttribute</S>
                <S>Set-SNSSMSAttribute</S>
                <S>Set-SNSSubscriptionAttribute</S>
                <S>Set-SNSTopicAttribute</S>
                <S>Test-SNSIfPhoneNumberIsOptedOut</S>
              </LST>
            </Obj>
          </En>
          <En>
            <S N="Key">DscResource</S>
            <Ref N="Value" RefId="3" />
          </En>
        </DCT>
      </Obj>
      <Nil N="PowerShellGetFormatVersion" />
      <S N="ReleaseNotes">https://github.com/aws/aws-tools-for-powershell/blob/master/CHANGELOG.md</S>
      <Obj N="Dependencies" RefId="6">
        <TNRef RefId="1" />
        <LST>
          <Obj RefId="7">
            <TN RefId="3">
              <T>System.Collections.Specialized.OrderedDictionary</T>
              <T>System.Object</T>
            </TN>
            <DCT>
              <En>
                <S N="Key">Name</S>
                <S N="Value">AWS.Tools.Common</S>
              </En>
              <En>
                <S N="Key">RequiredVersion</S>
                <S N="Value">4.1.286</S>
              </En>
              <En>
                <S N="Key">CanonicalId</S>
                <S N="Value">nuget:AWS.Tools.Common/[4.1.286]</S>
              </En>
            </DCT>
          </Obj>
        </LST>
      </Obj>
      <S N="RepositorySourceLocation">https://www.powershellgallery.com/api/v2</S>
      <S N="Repository">PSGallery</S>
      <S N="PackageManagementProvider">NuGet</S>
      <Obj N="AdditionalMetadata" RefId="8">
        <TN RefId="4">
          <T>System.Management.Automation.PSCustomObject</T>
          <T>System.Object</T>
        </TN>
        <MS>
          <S N="copyright">Copyright 2012-2023 Amazon.com, Inc. or its affiliates. All Rights Reserved.</S>
          <S N="description">The SimpleNotificationService module of AWS Tools for PowerShell lets developers and administrators manage Amazon Simple Notification Service (SNS) from the PowerShell scripting environment. In order to manage each AWS service, install the corresponding module (e.g. AWS.Tools.EC2, AWS.Tools.S3...)._x000D__x000A_The module AWS.Tools.Installer (https://www.powershellgallery.com/packages/AWS.Tools.Installer/) makes it easier to install, update and uninstall the AWS.Tools modules._x000D__x000A_This version of AWS Tools for PowerShell is compatible with Windows PowerShell 5.1+ and PowerShell Core 6+ on Windows, Linux and macOS. When running on Windows PowerShell, .NET Framework 4.7.2 or newer is required. Alternative modules AWSPowerShell.NetCore and AWSPowerShell, provide support for all AWS services from a single module and also support older versions of Windows PowerShell and .NET Framework.</S>
          <S N="requireLicenseAcceptance">False</S>
          <S N="releaseNotes">https://github.com/aws/aws-tools-for-powershell/blob/master/CHANGELOG.md</S>
          <S N="isLatestVersion">False</S>
          <S N="isAbsoluteLatestVersion">False</S>
          <S N="versionDownloadCount">554</S>
          <S N="downloadCount">116366</S>
          <S N="packageSize">233828</S>
          <S N="published">3/7/2023 11:32:41 PM -06:00</S>
          <S N="created">3/7/2023 11:32:41 PM -06:00</S>
          <S N="lastUpdated">3/30/2023 7:48:37 PM -05:00</S>
          <S N="tags">AWS cloud Windows PSEdition_Desktop PSEdition_Core Linux MacOS Mac PSModule PSCmdlet_Add-SNSPermission PSCommand_Add-SNSPermission PSCmdlet_Add-SNSResourceTag PSCommand_Add-SNSResourceTag PSCmdlet_Confirm-SNSSMSSandboxPhoneNumber PSCommand_Confirm-SNSSMSSandboxPhoneNumber PSCmdlet_Confirm-SNSSubscription PSCommand_Confirm-SNSSubscription PSCmdlet_Connect-SNSNotification PSCommand_Connect-SNSNotification PSCmdlet_Disconnect-SNSNotification PSCommand_Disconnect-SNSNotification PSCmdlet_Enable-SNSPhoneNumber PSCommand_Enable-SNSPhoneNumber PSCmdlet_Get-SNSDataProtectionPolicy PSCommand_Get-SNSDataProtectionPolicy PSCmdlet_Get-SNSEndpointAttribute PSCommand_Get-SNSEndpointAttribute PSCmdlet_Get-SNSEndpointsByPlatformApplication PSCommand_Get-SNSEndpointsByPlatformApplication PSCmdlet_Get-SNSOriginationNumber PSCommand_Get-SNSOriginationNumber PSCmdlet_Get-SNSPhoneNumbersOptedOut PSCommand_Get-SNSPhoneNumbersOptedOut PSCmdlet_Get-SNSPlatformApplicationAttribute PSCommand_Get-SNSPlatformApplicationAttribute PSCmdlet_Get-SNSPlatformApplicationList PSCommand_Get-SNSPlatformApplicationList PSCmdlet_Get-SNSResourceTag PSCommand_Get-SNSResourceTag PSCmdlet_Get-SNSSMSAttribute PSCommand_Get-SNSSMSAttribute PSCmdlet_Get-SNSSMSSandboxAccountStatus PSCommand_Get-SNSSMSSandboxAccountStatus PSCmdlet_Get-SNSSMSSandboxPhoneNumber PSCommand_Get-SNSSMSSandboxPhoneNumber PSCmdlet_Get-SNSSubscription PSCommand_Get-SNSSubscription PSCmdlet_Get-SNSSubscriptionAttribute PSCommand_Get-SNSSubscriptionAttribute PSCmdlet_Get-SNSSubscriptionByTopic PSCommand_Get-SNSSubscriptionByTopic PSCmdlet_Get-SNSTopic PSCommand_Get-SNSTopic PSCmdlet_Get-SNSTopicAttribute PSCommand_Get-SNSTopicAttribute PSCmdlet_New-SNSPlatformApplication PSCommand_New-SNSPlatformApplication PSCmdlet_New-SNSPlatformEndpoint PSCommand_New-SNSPlatformEndpoint PSCmdlet_New-SNSSMSSandboxPhoneNumber PSCommand_New-SNSSMSSandboxPhoneNumber PSCmdlet_New-SNSTopic PSCommand_New-SNSTopic PSCmdlet_Publish-SNSBatch PSCommand_Publish-SNSBatch PSCmdlet_Publish-SNSMessage PSCommand_Publish-SNSMessage PSCmdlet_Remove-SNSEndpoint PSCommand_Remove-SNSEndpoint PSCmdlet_Remove-SNSPermission PSCommand_Remove-SNSPermission PSCmdlet_Remove-SNSPlatformApplication PSCommand_Remove-SNSPlatformApplication PSCmdlet_Remove-SNSResourceTag PSCommand_Remove-SNSResourceTag PSCmdlet_Remove-SNSSMSSandboxPhoneNumber PSCommand_Remove-SNSSMSSandboxPhoneNumber PSCmdlet_Remove-SNSTopic PSCommand_Remove-SNSTopic PSCmdlet_Set-SNSDataProtectionPolicy PSCommand_Set-SNSDataProtectionPolicy PSCmdlet_Set-SNSEndpointAttribute PSCommand_Set-SNSEndpointAttribute PSCmdlet_Set-SNSPlatformApplicationAttribute PSCommand_Set-SNSPlatformApplicationAttribute PSCmdlet_Set-SNSSMSAttribute PSCommand_Set-SNSSMSAttribute PSCmdlet_Set-SNSSubscriptionAttribute PSCommand_Set-SNSSubscriptionAttribute PSCmdlet_Set-SNSTopicAttribute PSCommand_Set-SNSTopicAttribute PSCmdlet_Test-SNSIfPhoneNumberIsOptedOut PSCommand_Test-SNSIfPhoneNumberIsOptedOut PSIncludes_Cmdlet</S>
          <S N="developmentDependency">False</S>
          <S N="updated">2023-03-30T19:48:37Z</S>
          <S N="NormalizedVersion">4.1.286</S>
          <S N="Authors">Amazon.com Inc</S>
          <S N="IsPrerelease">false</S>
          <S N="ItemType">Module</S>
          <S N="FileList">AWS.Tools.SimpleNotificationService.nuspec|AWS.Tools.SimpleNotificationService.Aliases.psm1|AWS.Tools.SimpleNotificationService.Completers.psm1|AWS.Tools.SimpleNotificationService.dll|AWS.Tools.SimpleNotificationService.dll-Help.xml|AWS.Tools.SimpleNotificationService.Format.ps1xml|AWS.Tools.SimpleNotificationService.psd1|AWS.Tools.SimpleNotificationService.XML|AWSSDK.SimpleNotificationService.dll|LICENSE|NOTICE</S>
          <S N="GUID">ed882123-ae45-43fd-ba31-5348331a8020</S>
          <S N="PowerShellVersion">5.1</S>
          <S N="DotNetFrameworkVersion">4.7.2</S>
          <S N="CompanyName">Amazon.com, Inc</S>
        </MS>
      </Obj>
      <S N="InstalledLocation">C:\Users\jimm3037\AppData\Local\Temp\iam_user_rotate_accesskeys\Modules\AWS.Tools.SimpleNotificationService\4.1.286</S>
    </MS>
  </Obj>
</Objs>
