<Objs Version="1.1.0.1" xmlns="http://schemas.microsoft.com/powershell/2004/04">
  <Obj RefId="0">
    <TN RefId="0">
      <T>Microsoft.PowerShell.Commands.PSRepositoryItemInfo</T>
      <T>System.Management.Automation.PSCustomObject</T>
      <T>System.Object</T>
    </TN>
    <MS>
      <S N="Name">AWS.Tools.CloudWatchLogs</S>
      <S N="Version">4.1.286</S>
      <S N="Type">Module</S>
      <S N="Description">The CloudWatchLogs module of AWS Tools for PowerShell lets developers and administrators manage Amazon CloudWatch Logs from the PowerShell scripting environment. In order to manage each AWS service, install the corresponding module (e.g. AWS.Tools.EC2, AWS.Tools.S3...)._x000D__x000A_The module AWS.Tools.Installer (https://www.powershellgallery.com/packages/AWS.Tools.Installer/) makes it easier to install, update and uninstall the AWS.Tools modules._x000D__x000A_This version of AWS Tools for PowerShell is compatible with Windows PowerShell 5.1+ and PowerShell Core 6+ on Windows, Linux and macOS. When running on Windows PowerShell, .NET Framework 4.7.2 or newer is required. Alternative modules AWSPowerShell.NetCore and AWSPowerShell, provide support for all AWS services from a single module and also support older versions of Windows PowerShell and .NET Framework.</S>
      <S N="Author">Amazon.com Inc</S>
      <S N="CompanyName">aws-dotnet-sdk-team</S>
      <S N="Copyright">Copyright 2012-2023 Amazon.com, Inc. or its affiliates. All Rights Reserved.</S>
      <DT N="PublishedDate">2023-03-07T23:24:33-06:00</DT>
      <Nil N="InstalledDate" />
      <Nil N="UpdatedDate" />
      <URI N="LicenseUri">https://aws.amazon.com/apache-2-0/</URI>
      <URI N="ProjectUri">https://github.com/aws/aws-tools-for-powershell</URI>
      <URI N="IconUri">https://sdk-for-net.amazonwebservices.com/images/AWSLogo128x128.png</URI>
      <Obj N="Tags" RefId="1">
        <TN RefId="1">
          <T>System.Object[]</T>
          <T>System.Array</T>
          <T>System.Object</T>
        </TN>
        <LST>
          <S>AWS</S>
          <S>cloud</S>
          <S>Windows</S>
          <S>PSEdition_Desktop</S>
          <S>PSEdition_Core</S>
          <S>Linux</S>
          <S>MacOS</S>
          <S>Mac</S>
          <S>PSModule</S>
        </LST>
      </Obj>
      <Obj N="Includes" RefId="2">
        <TN RefId="2">
          <T>System.Collections.Hashtable</T>
          <T>System.Object</T>
        </TN>
        <DCT>
          <En>
            <S N="Key">RoleCapability</S>
            <Obj N="Value" RefId="3">
              <TNRef RefId="1" />
              <LST />
            </Obj>
          </En>
          <En>
            <S N="Key">Function</S>
            <Ref N="Value" RefId="3" />
          </En>
          <En>
            <S N="Key">Cmdlet</S>
            <Obj N="Value" RefId="4">
              <TNRef RefId="1" />
              <LST>
                <S>Add-CWLLogGroupTag</S>
                <S>Add-CWLResourceTag</S>
                <S>Get-CWLDataProtectionPolicy</S>
                <S>Get-CWLDestination</S>
                <S>Get-CWLExportTask</S>
                <S>Get-CWLFilteredLogEvent</S>
                <S>Get-CWLLogEvent</S>
                <S>Get-CWLLogGroup</S>
                <S>Get-CWLLogGroupField</S>
                <S>Get-CWLLogGroupTag</S>
                <S>Get-CWLLogRecord</S>
                <S>Get-CWLLogStream</S>
                <S>Get-CWLMetricFilter</S>
                <S>Get-CWLQuery</S>
                <S>Get-CWLQueryDefinition</S>
                <S>Get-CWLQueryResult</S>
                <S>Get-CWLResourcePolicy</S>
                <S>Get-CWLResourceTag</S>
                <S>Get-CWLSubscriptionFilter</S>
                <S>New-CWLExportTask</S>
                <S>New-CWLLogGroup</S>
                <S>New-CWLLogStream</S>
                <S>Register-CWLKmsKey</S>
                <S>Remove-CWLDataProtectionPolicy</S>
                <S>Remove-CWLDestination</S>
                <S>Remove-CWLLogGroup</S>
                <S>Remove-CWLLogGroupTag</S>
                <S>Remove-CWLLogStream</S>
                <S>Remove-CWLMetricFilter</S>
                <S>Remove-CWLQueryDefinition</S>
                <S>Remove-CWLResourcePolicy</S>
                <S>Remove-CWLResourceTag</S>
                <S>Remove-CWLRetentionPolicy</S>
                <S>Remove-CWLSubscriptionFilter</S>
                <S>Start-CWLQuery</S>
                <S>Stop-CWLExportTask</S>
                <S>Stop-CWLQuery</S>
                <S>Test-CWLMetricFilter</S>
                <S>Unregister-CWLKmsKey</S>
                <S>Write-CWLDataProtectionPolicy</S>
                <S>Write-CWLDestination</S>
                <S>Write-CWLDestinationPolicy</S>
                <S>Write-CWLLogEvent</S>
                <S>Write-CWLMetricFilter</S>
                <S>Write-CWLQueryDefinition</S>
                <S>Write-CWLResourcePolicy</S>
                <S>Write-CWLRetentionPolicy</S>
                <S>Write-CWLSubscriptionFilter</S>
              </LST>
            </Obj>
          </En>
          <En>
            <S N="Key">Workflow</S>
            <Ref N="Value" RefId="3" />
          </En>
          <En>
            <S N="Key">Command</S>
            <Obj N="Value" RefId="5">
              <TNRef RefId="1" />
              <LST>
                <S>Add-CWLLogGroupTag</S>
                <S>Add-CWLResourceTag</S>
                <S>Get-CWLDataProtectionPolicy</S>
                <S>Get-CWLDestination</S>
                <S>Get-CWLExportTask</S>
                <S>Get-CWLFilteredLogEvent</S>
                <S>Get-CWLLogEvent</S>
                <S>Get-CWLLogGroup</S>
                <S>Get-CWLLogGroupField</S>
                <S>Get-CWLLogGroupTag</S>
                <S>Get-CWLLogRecord</S>
                <S>Get-CWLLogStream</S>
                <S>Get-CWLMetricFilter</S>
                <S>Get-CWLQuery</S>
                <S>Get-CWLQueryDefinition</S>
                <S>Get-CWLQueryResult</S>
                <S>Get-CWLResourcePolicy</S>
                <S>Get-CWLResourceTag</S>
                <S>Get-CWLSubscriptionFilter</S>
                <S>New-CWLExportTask</S>
                <S>New-CWLLogGroup</S>
                <S>New-CWLLogStream</S>
                <S>Register-CWLKmsKey</S>
                <S>Remove-CWLDataProtectionPolicy</S>
                <S>Remove-CWLDestination</S>
                <S>Remove-CWLLogGroup</S>
                <S>Remove-CWLLogGroupTag</S>
                <S>Remove-CWLLogStream</S>
                <S>Remove-CWLMetricFilter</S>
                <S>Remove-CWLQueryDefinition</S>
                <S>Remove-CWLResourcePolicy</S>
                <S>Remove-CWLResourceTag</S>
                <S>Remove-CWLRetentionPolicy</S>
                <S>Remove-CWLSubscriptionFilter</S>
                <S>Start-CWLQuery</S>
                <S>Stop-CWLExportTask</S>
                <S>Stop-CWLQuery</S>
                <S>Test-CWLMetricFilter</S>
                <S>Unregister-CWLKmsKey</S>
                <S>Write-CWLDataProtectionPolicy</S>
                <S>Write-CWLDestination</S>
                <S>Write-CWLDestinationPolicy</S>
                <S>Write-CWLLogEvent</S>
                <S>Write-CWLMetricFilter</S>
                <S>Write-CWLQueryDefinition</S>
                <S>Write-CWLResourcePolicy</S>
                <S>Write-CWLRetentionPolicy</S>
                <S>Write-CWLSubscriptionFilter</S>
              </LST>
            </Obj>
          </En>
          <En>
            <S N="Key">DscResource</S>
            <Ref N="Value" RefId="3" />
          </En>
        </DCT>
      </Obj>
      <Nil N="PowerShellGetFormatVersion" />
      <S N="ReleaseNotes">https://github.com/aws/aws-tools-for-powershell/blob/master/CHANGELOG.md</S>
      <Obj N="Dependencies" RefId="6">
        <TNRef RefId="1" />
        <LST>
          <Obj RefId="7">
            <TN RefId="3">
              <T>System.Collections.Specialized.OrderedDictionary</T>
              <T>System.Object</T>
            </TN>
            <DCT>
              <En>
                <S N="Key">Name</S>
                <S N="Value">AWS.Tools.Common</S>
              </En>
              <En>
                <S N="Key">RequiredVersion</S>
                <S N="Value">4.1.286</S>
              </En>
              <En>
                <S N="Key">CanonicalId</S>
                <S N="Value">nuget:AWS.Tools.Common/[4.1.286]</S>
              </En>
            </DCT>
          </Obj>
        </LST>
      </Obj>
      <S N="RepositorySourceLocation">https://www.powershellgallery.com/api/v2</S>
      <S N="Repository">PSGallery</S>
      <S N="PackageManagementProvider">NuGet</S>
      <Obj N="AdditionalMetadata" RefId="8">
        <TN RefId="4">
          <T>System.Management.Automation.PSCustomObject</T>
          <T>System.Object</T>
        </TN>
        <MS>
          <S N="copyright">Copyright 2012-2023 Amazon.com, Inc. or its affiliates. All Rights Reserved.</S>
          <S N="description">The CloudWatchLogs module of AWS Tools for PowerShell lets developers and administrators manage Amazon CloudWatch Logs from the PowerShell scripting environment. In order to manage each AWS service, install the corresponding module (e.g. AWS.Tools.EC2, AWS.Tools.S3...)._x000D__x000A_The module AWS.Tools.Installer (https://www.powershellgallery.com/packages/AWS.Tools.Installer/) makes it easier to install, update and uninstall the AWS.Tools modules._x000D__x000A_This version of AWS Tools for PowerShell is compatible with Windows PowerShell 5.1+ and PowerShell Core 6+ on Windows, Linux and macOS. When running on Windows PowerShell, .NET Framework 4.7.2 or newer is required. Alternative modules AWSPowerShell.NetCore and AWSPowerShell, provide support for all AWS services from a single module and also support older versions of Windows PowerShell and .NET Framework.</S>
          <S N="requireLicenseAcceptance">False</S>
          <S N="releaseNotes">https://github.com/aws/aws-tools-for-powershell/blob/master/CHANGELOG.md</S>
          <S N="isLatestVersion">False</S>
          <S N="isAbsoluteLatestVersion">False</S>
          <S N="versionDownloadCount">373</S>
          <S N="downloadCount">185135</S>
          <S N="packageSize">250542</S>
          <S N="published">3/7/2023 11:24:33 PM -06:00</S>
          <S N="created">3/7/2023 11:24:33 PM -06:00</S>
          <S N="lastUpdated">3/30/2023 7:48:37 PM -05:00</S>
          <S N="tags">AWS cloud Windows PSEdition_Desktop PSEdition_Core Linux MacOS Mac PSModule</S>
          <S N="developmentDependency">False</S>
          <S N="updated">2023-03-30T19:48:37Z</S>
          <S N="NormalizedVersion">4.1.286</S>
          <S N="Authors">Amazon.com Inc</S>
          <S N="IsPrerelease">false</S>
          <S N="ItemType">Module</S>
          <S N="FileList">AWS.Tools.CloudWatchLogs.nuspec|AWS.Tools.CloudWatchLogs.Aliases.psm1|AWS.Tools.CloudWatchLogs.Completers.psm1|AWS.Tools.CloudWatchLogs.dll|AWS.Tools.CloudWatchLogs.dll-Help.xml|AWS.Tools.CloudWatchLogs.Format.ps1xml|AWS.Tools.CloudWatchLogs.psd1|AWS.Tools.CloudWatchLogs.XML|AWSSDK.CloudWatchLogs.dll|LICENSE|NOTICE</S>
          <S N="Cmdlets">Add-CWLLogGroupTag Add-CWLResourceTag Get-CWLDataProtectionPolicy Get-CWLDestination Get-CWLExportTask Get-CWLFilteredLogEvent Get-CWLLogEvent Get-CWLLogGroup Get-CWLLogGroupField Get-CWLLogGroupTag Get-CWLLogRecord Get-CWLLogStream Get-CWLMetricFilter Get-CWLQuery Get-CWLQueryDefinition Get-CWLQueryResult Get-CWLResourcePolicy Get-CWLResourceTag Get-CWLSubscriptionFilter New-CWLExportTask New-CWLLogGroup New-CWLLogStream Register-CWLKmsKey Remove-CWLDataProtectionPolicy Remove-CWLDestination Remove-CWLLogGroup Remove-CWLLogGroupTag Remove-CWLLogStream Remove-CWLMetricFilter Remove-CWLQueryDefinition Remove-CWLResourcePolicy Remove-CWLResourceTag Remove-CWLRetentionPolicy Remove-CWLSubscriptionFilter Start-CWLQuery Stop-CWLExportTask Stop-CWLQuery Test-CWLMetricFilter Unregister-CWLKmsKey Write-CWLDataProtectionPolicy Write-CWLDestination Write-CWLDestinationPolicy Write-CWLLogEvent Write-CWLMetricFilter Write-CWLQueryDefinition Write-CWLResourcePolicy Write-CWLRetentionPolicy Write-CWLSubscriptionFilter</S>
          <S N="GUID">32feef3c-061d-4e8c-84a7-9e28fd2a7f3c</S>
          <S N="PowerShellVersion">5.1</S>
          <S N="DotNetFrameworkVersion">4.7.2</S>
          <S N="CompanyName">Amazon.com, Inc</S>
        </MS>
      </Obj>
      <S N="InstalledLocation">C:\Users\jimm3037\AppData\Local\Temp\iam_user_rotate_accesskeys\Modules\AWS.Tools.CloudWatchLogs\4.1.286</S>
    </MS>
  </Obj>
</Objs>
